id,title,description,link,brand,gtin,mpn,image_link,additional_image_link,video_link,model_3d_link,condition,google_product_category,product_category,age_group,material,length,width,height,weight,item_group_id,item_group_title,color,size,size_system,gender,availability,availability_date,expiration_date,inventory_not_tracked,inventory_quantity,price,sale_price,sale_price_effective_date,stripe_product_tax_code,tax_behavior,applicable_fees,shipping,free_shipping_threshold,delete
FAF-CAND-0001,Nova Beeswax Candle,"The Nova Beeswax Candle from Fern & Field, crafted in soy wax, fills the room with a warm, inviting scent.",https://livgpt.vercel.app/?merchant=fern-and-field&product=FAF-CAND-0001,Fernwood,,FAF-CAND-0001,https://livgpt.vercel.app/mock-catalog/images/fern-and-field/candles-1.png,,,,new,Home & Garden > Decor > Home Fragrances > Candles,Home > Fragrance > Candles,adult,Soy Wax,4 in,4 in,5 in,1.32 lb,FAF-CAND-GRP-001,Candles,,,,unisex,in_stock,,,,126,18.70 USD,,,txcd_99999999,exclusive,,"US:ALL:Standard:3-5:0.00 USD,US:ALL:Expedited:1-2:9.99 USD",US:ALL:Standard:50.00 USD,
FAF-CAND-0002,Luxe Beeswax Candle,"The Luxe Beeswax Candle from Fern & Field, crafted in beeswax, fills the room with a warm, inviting scent.",https://livgpt.vercel.app/?merchant=fern-and-field&product=FAF-CAND-0002,Fernwood,,FAF-CAND-0002,https://livgpt.vercel.app/mock-catalog/images/fern-and-field/candles-2.png,,,,new,Home & Garden > Decor > Home Fragrances > Candles,Home > Fragrance > Candles,adult,Beeswax,4 in,4 in,5 in,1.18 lb,FAF-CAND-GRP-001,Candles,,,,unisex,in_stock,,,,178,20.45 USD,,,txcd_99999999,exclusive,,"US:ALL:Standard:3-5:0.00 USD,US:ALL:Expedited:1-2:9.99 USD",US:ALL:Standard:50.00 USD,
FAF-CAND-0003,Minimalist Soy Candle,"The Minimalist Soy Candle from Fern & Field, crafted in soy wax, fills the room with a warm, inviting scent.",https://livgpt.vercel.app/?merchant=fern-and-field&product=FAF-CAND-0003,Field & Co.,,FAF-CAND-0003,https://livgpt.vercel.app/mock-catalog/images/fern-and-field/candles-3.png,,,,new,Home & Garden > Decor > Home Fragrances > Candles,Home > Fragrance > Candles,adult,Soy Wax,4 in,4 in,5 in,1.14 lb,FAF-CAND-GRP-002,Candles,,,,unisex,in_stock,,,,90,28.18 USD,,,txcd_99999999,exclusive,,"US:ALL:Standard:3-5:0.00 USD,US:ALL:Expedited:1-2:9.99 USD",US:ALL:Standard:50.00 USD,
FAF-CAND-0004,Aero Soy Candle,"The Aero Soy Candle from Fern & Field, crafted in beeswax, fills the room with a warm, inviting scent.",https://livgpt.vercel.app/?merchant=fern-and-field&product=FAF-CAND-0004,Field & Co.,,FAF-CAND-0004,https://livgpt.vercel.app/mock-catalog/images/fern-and-field/candles-4.png,,,,new,Home & Garden > Decor > Home Fragrances > Candles,Home > Fragrance > Candles,adult,Beeswax,4 in,4 in,5 in,1.24 lb,FAF-CAND-GRP-002,Candles,,,,unisex,in_stock,,,,237,25.22 USD,,,txcd_99999999,exclusive,,"US:ALL:Standard:3-5:0.00 USD,US:ALL:Expedited:1-2:9.99 USD",US:ALL:Standard:50.00 USD,
FAF-CAND-0005,Featherlight Wood-Wick Candle,"The Featherlight Wood-Wick Candle from Fern & Field, crafted in beeswax, fills the room with a warm, inviting scent.",https://livgpt.vercel.app/?merchant=fern-and-field&product=FAF-CAND-0005,Field & Co.,,FAF-CAND-0005,https://livgpt.vercel.app/mock-catalog/images/fern-and-field/candles-5.png,,,,new,Home & Garden > Decor > Home Fragrances > Candles,Home > Fragrance > Candles,adult,Beeswax,4 in,4 in,5 in,1.1 lb,FAF-CAND-GRP-003,Candles,,,,unisex,in_stock,,,,24,41.16 USD,,,txcd_99999999,exclusive,,"US:ALL:Standard:3-5:0.00 USD,US:ALL:Expedited:1-2:9.99 USD",US:ALL:Standard:50.00 USD,
FAF-CAND-0006,Rugged 3-Wick Candle,"The Rugged 3-Wick Candle from Fern & Field, crafted in beeswax, fills the room with a warm, inviting scent.",https://livgpt.vercel.app/?merchant=fern-and-field&product=FAF-CAND-0006,Fern & Field,,FAF-CAND-0006,https://livgpt.vercel.app/mock-catalog/images/fern-and-field/candles-1.png,,,,new,Home & Garden > Decor > Home Fragrances > Candles,Home > Fragrance > Candles,adult,Beeswax,4 in,4 in,5 in,1.3 lb,FAF-CAND-GRP-003,Candles,,,,unisex,in_stock,,,,49,27.51 USD,,,txcd_99999999,exclusive,,"US:ALL:Standard:3-5:0.00 USD,US:ALL:Expedited:1-2:9.99 USD",US:ALL:Standard:50.00 USD,
FAF-CAND-0007,Nova Wood-Wick Candle,"The Nova Wood-Wick Candle from Fern & Field, crafted in beeswax, fills the room with a warm, inviting scent.",https://livgpt.vercel.app/?merchant=fern-and-field&product=FAF-CAND-0007,Field & Co.,,FAF-CAND-0007,https://livgpt.vercel.app/mock-catalog/images/fern-and-field/candles-2.png,,,,new,Home & Garden > Decor > Home Fragrances > Candles,Home > Fragrance > Candles,adult,Beeswax,4 in,4 in,5 in,1.13 lb,FAF-CAND-GRP-004,Candles,,,,unisex,in_stock,,,,15,39.17 USD,,,txcd_99999999,exclusive,,"US:ALL:Standard:3-5:0.00 USD,US:ALL:Expedited:1-2:9.99 USD",US:ALL:Standard:50.00 USD,
FAF-CAND-0008,Everyday Wood-Wick Candle,"The Everyday Wood-Wick Candle from Fern & Field, crafted in beeswax, fills the room with a warm, inviting scent.",https://livgpt.vercel.app/?merchant=fern-and-field&product=FAF-CAND-0008,Fern & Field,,FAF-CAND-0008,https://livgpt.vercel.app/mock-catalog/images/fern-and-field/candles-3.png,,,,new,Home & Garden > Decor > Home Fragrances > Candles,Home > Fragrance > Candles,adult,Beeswax,4 in,4 in,5 in,1.08 lb,FAF-CAND-GRP-004,Candles,,,,unisex,in_stock,,,,30,34.64 USD,28.17 USD,2026-07-01/2026-12-31,txcd_99999999,exclusive,,"US:ALL:Standard:3-5:0.00 USD,US:ALL:Expedited:1-2:9.99 USD",US:ALL:Standard:50.00 USD,
FAF-CAND-0009,Urban Wood-Wick Candle,"The Urban Wood-Wick Candle from Fern & Field, crafted in beeswax, fills the room with a warm, inviting scent.",https://livgpt.vercel.app/?merchant=fern-and-field&product=FAF-CAND-0009,Fernwood,,FAF-CAND-0009,https://livgpt.vercel.app/mock-catalog/images/fern-and-field/candles-4.png,,,,new,Home & Garden > Decor > Home Fragrances > Candles,Home > Fragrance > Candles,adult,Beeswax,4 in,4 in,5 in,1.21 lb,FAF-CAND-GRP-005,Candles,,,,unisex,in_stock,,,,96,37.97 USD,,,txcd_99999999,exclusive,,"US:ALL:Standard:3-5:0.00 USD,US:ALL:Expedited:1-2:9.99 USD",US:ALL:Standard:50.00 USD,
FAF-CAND-0010,Heritage Wood-Wick Candle,"The Heritage Wood-Wick Candle from Fern & Field, crafted in soy wax, fills the room with a warm, inviting scent.",https://livgpt.vercel.app/?merchant=fern-and-field&product=FAF-CAND-0010,Fern & Field,,FAF-CAND-0010,https://livgpt.vercel.app/mock-catalog/images/fern-and-field/candles-5.png,,,,new,Home & Garden > Decor > Home Fragrances > Candles,Home > Fragrance > Candles,adult,Soy Wax,4 in,4 in,5 in,1.15 lb,FAF-CAND-GRP-005,Candles,,,,unisex,in_stock,,,,193,20.17 USD,,,txcd_99999999,exclusive,,"US:ALL:Standard:3-5:0.00 USD,US:ALL:Expedited:1-2:9.99 USD",US:ALL:Standard:50.00 USD,
FAF-CAND-0011,Signature Wood-Wick Candle,"The Signature Wood-Wick Candle from Fern & Field, crafted in soy wax, fills the room with a warm, inviting scent.",https://livgpt.vercel.app/?merchant=fern-and-field&product=FAF-CAND-0011,Field & Co.,,FAF-CAND-0011,https://livgpt.vercel.app/mock-catalog/images/fern-and-field/candles-1.png,,,,new,Home & Garden > Decor > Home Fragrances > Candles,Home > Fragrance > Candles,adult,Soy Wax,4 in,4 in,5 in,1.28 lb,FAF-CAND-GRP-006,Candles,,,,unisex,in_stock,,,,140,43.99 USD,,,txcd_99999999,exclusive,,"US:ALL:Standard:3-5:0.00 USD,US:ALL:Expedited:1-2:9.99 USD",US:ALL:Standard:50.00 USD,
FAF-CAND-0012,Rugged Wood-Wick Candle,"The Rugged Wood-Wick Candle from Fern & Field, crafted in beeswax, fills the room with a warm, inviting scent.",https://livgpt.vercel.app/?merchant=fern-and-field&product=FAF-CAND-0012,Fern & Field,,FAF-CAND-0012,https://livgpt.vercel.app/mock-catalog/images/fern-and-field/candles-2.png,,,,new,Home & Garden > Decor > Home Fragrances > Candles,Home > Fragrance > Candles,adult,Beeswax,4 in,4 in,5 in,1.16 lb,FAF-CAND-GRP-006,Candles,,,,unisex,in_stock,,,,219,23.05 USD,,,txcd_99999999,exclusive,,"US:ALL:Standard:3-5:0.00 USD,US:ALL:Expedited:1-2:9.99 USD",US:ALL:Standard:50.00 USD,
FAF-CAND-0013,Premium Wood-Wick Candle,"The Premium Wood-Wick Candle from Fern & Field, crafted in soy wax, fills the room with a warm, inviting scent.",https://livgpt.vercel.app/?merchant=fern-and-field&product=FAF-CAND-0013,Fern & Field,,FAF-CAND-0013,https://livgpt.vercel.app/mock-catalog/images/fern-and-field/candles-3.png,,,,new,Home & Garden > Decor > Home Fragrances > Candles,Home > Fragrance > Candles,adult,Soy Wax,4 in,4 in,5 in,1.12 lb,FAF-CAND-GRP-007,Candles,,,,unisex,in_stock,,,,131,46.83 USD,,,txcd_99999999,exclusive,,"US:ALL:Standard:3-5:0.00 USD,US:ALL:Expedited:1-2:9.99 USD",US:ALL:Standard:50.00 USD,
FAF-CAND-0014,Aero Beeswax Candle,"The Aero Beeswax Candle from Fern & Field, crafted in soy wax, fills the room with a warm, inviting scent.",https://livgpt.vercel.app/?merchant=fern-and-field&product=FAF-CAND-0014,Fern & Field,,FAF-CAND-0014,https://livgpt.vercel.app/mock-catalog/images/fern-and-field/candles-4.png,,,,new,Home & Garden > Decor > Home Fragrances > Candles,Home > Fragrance > Candles,adult,Soy Wax,4 in,4 in,5 in,1.27 lb,FAF-CAND-GRP-007,Candles,,,,unisex,in_stock,,,,217,29.94 USD,,,txcd_99999999,exclusive,,"US:ALL:Standard:3-5:0.00 USD,US:ALL:Expedited:1-2:9.99 USD",US:ALL:Standard:50.00 USD,
FAF-CAND-0015,Coastal Soy Candle,"The Coastal Soy Candle from Fern & Field, crafted in soy wax, fills the room with a warm, inviting scent.",https://livgpt.vercel.app/?merchant=fern-and-field&product=FAF-CAND-0015,Fern & Field,,FAF-CAND-0015,https://livgpt.vercel.app/mock-catalog/images/fern-and-field/candles-5.png,,,,new,Home & Garden > Decor > Home Fragrances > Candles,Home > Fragrance > Candles,adult,Soy Wax,4 in,4 in,5 in,1.16 lb,FAF-CAND-GRP-008,Candles,,,,unisex,in_stock,,,,1,46.77 USD,,,txcd_99999999,exclusive,,"US:ALL:Standard:3-5:0.00 USD,US:ALL:Expedited:1-2:9.99 USD",US:ALL:Standard:50.00 USD,
FAF-AROM-0016,Luxe Essential Oil Set,"The Luxe Essential Oil Set from Fern & Field, crafted in bamboo, to bring a little calm into your daily routine.",https://livgpt.vercel.app/?merchant=fern-and-field&product=FAF-AROM-0016,Field & Co.,,FAF-AROM-0016,https://livgpt.vercel.app/mock-catalog/images/fern-and-field/aromatherapy-1.png,,,,new,Health & Beauty > Health Care,Wellness > Aromatherapy,adult,Bamboo,4 in,4 in,6 in,0.83 lb,FAF-AROM-GRP-001,Aromatherapy,,,,unisex,in_stock,,,,51,68.88 USD,54.17 USD,2026-07-01/2026-12-31,txcd_99999999,exclusive,,"US:ALL:Standard:3-5:0.00 USD,US:ALL:Expedited:1-2:9.99 USD",US:ALL:Standard:50.00 USD,
FAF-AROM-0017,Trail Essential Oil Diffuser,"The Trail Essential Oil Diffuser from Fern & Field, crafted in ceramic, to bring a little calm into your daily routine.",https://livgpt.vercel.app/?merchant=fern-and-field&product=FAF-AROM-0017,Fern & Field,,FAF-AROM-0017,https://livgpt.vercel.app/mock-catalog/images/fern-and-field/aromatherapy-2.png,,,,new,Health & Beauty > Health Care,Wellness > Aromatherapy,adult,Ceramic,4 in,4 in,6 in,0.81 lb,FAF-AROM-GRP-001,Aromatherapy,,,,unisex,in_stock,,,,82,40.81 USD,,,txcd_99999999,exclusive,,"US:ALL:Standard:3-5:0.00 USD,US:ALL:Expedited:1-2:9.99 USD",US:ALL:Standard:50.00 USD,
FAF-AROM-0018,Classic Essential Oil Set,"The Classic Essential Oil Set from Fern & Field, crafted in bamboo, to bring a little calm into your daily routine.",https://livgpt.vercel.app/?merchant=fern-and-field&product=FAF-AROM-0018,Fern & Field,,FAF-AROM-0018,https://livgpt.vercel.app/mock-catalog/images/fern-and-field/aromatherapy-3.png,,,,new,Health & Beauty > Health Care,Wellness > Aromatherapy,adult,Bamboo,4 in,4 in,6 in,0.83 lb,FAF-AROM-GRP-002,Aromatherapy,,,,unisex,in_stock,,,,1,73.86 USD,60.58 USD,2026-07-01/2026-12-31,txcd_99999999,exclusive,,"US:ALL:Standard:3-5:0.00 USD,US:ALL:Expedited:1-2:9.99 USD",US:ALL:Standard:50.00 USD,
FAF-AROM-0019,Heritage Pillow Mist,"The Heritage Pillow Mist from Fern & Field, crafted in bamboo, to bring a little calm into your daily routine.",https://livgpt.vercel.app/?merchant=fern-and-field&product=FAF-AROM-0019,Field & Co.,,FAF-AROM-0019,https://livgpt.vercel.app/mock-catalog/images/fern-and-field/aromatherapy-4.png,,,,new,Health & Beauty > Health Care,Wellness > Aromatherapy,adult,Bamboo,4 in,4 in,6 in,0.9 lb,FAF-AROM-GRP-002,Aromatherapy,,,,unisex,in_stock,,,,149,54.10 USD,,,txcd_99999999,exclusive,,"US:ALL:Standard:3-5:0.00 USD,US:ALL:Expedited:1-2:9.99 USD",US:ALL:Standard:50.00 USD,
FAF-AROM-0020,Coastal Essential Oil Diffuser,"The Coastal Essential Oil Diffuser from Fern & Field, crafted in bamboo, to bring a little calm into your daily routine.",https://livgpt.vercel.app/?merchant=fern-and-field&product=FAF-AROM-0020,Fern & Field,,FAF-AROM-0020,https://livgpt.vercel.app/mock-catalog/images/fern-and-field/aromatherapy-5.png,,,,new,Health & Beauty > Health Care,Wellness > Aromatherapy,adult,Bamboo,4 in,4 in,6 in,0.95 lb,FAF-AROM-GRP-003,Aromatherapy,,,,unisex,in_stock,,,,71,64.75 USD,,,txcd_99999999,exclusive,,"US:ALL:Standard:3-5:0.00 USD,US:ALL:Expedited:1-2:9.99 USD",US:ALL:Standard:50.00 USD,
FAF-AROM-0021,Everyday Essential Oil Diffuser,"The Everyday Essential Oil Diffuser from Fern & Field, crafted in ceramic, to bring a little calm into your daily routine.",https://livgpt.vercel.app/?merchant=fern-and-field&product=FAF-AROM-0021,Field & Co.,,FAF-AROM-0021,https://livgpt.vercel.app/mock-catalog/images/fern-and-field/aromatherapy-1.png,,,,new,Health & Beauty > Health Care,Wellness > Aromatherapy,adult,Ceramic,4 in,4 in,6 in,0.9 lb,FAF-AROM-GRP-003,Aromatherapy,,,,unisex,in_stock,,,,131,47.62 USD,,,txcd_99999999,exclusive,,"US:ALL:Standard:3-5:0.00 USD,US:ALL:Expedited:1-2:9.99 USD",US:ALL:Standard:50.00 USD,
FAF-AROM-0022,Studio Essential Oil Set,"The Studio Essential Oil Set from Fern & Field, crafted in bamboo, to bring a little calm into your daily routine.",https://livgpt.vercel.app/?merchant=fern-and-field&product=FAF-AROM-0022,Fernwood,,FAF-AROM-0022,https://livgpt.vercel.app/mock-catalog/images/fern-and-field/aromatherapy-2.png,,,,new,Health & Beauty > Health Care,Wellness > Aromatherapy,adult,Bamboo,4 in,4 in,6 in,0.89 lb,FAF-AROM-GRP-004,Aromatherapy,,,,unisex,in_stock,,,,122,50.82 USD,,,txcd_99999999,exclusive,,"US:ALL:Standard:3-5:0.00 USD,US:ALL:Expedited:1-2:9.99 USD",US:ALL:Standard:50.00 USD,
FAF-AROM-0023,Essential Pillow Mist,"The Essential Pillow Mist from Fern & Field, crafted in ceramic, to bring a little calm into your daily routine.",https://livgpt.vercel.app/?merchant=fern-and-field&product=FAF-AROM-0023,Field & Co.,,FAF-AROM-0023,https://livgpt.vercel.app/mock-catalog/images/fern-and-field/aromatherapy-3.png,,,,new,Health & Beauty > Health Care,Wellness > Aromatherapy,adult,Ceramic,4 in,4 in,6 in,0.93 lb,FAF-AROM-GRP-004,Aromatherapy,,,,unisex,in_stock,,,,124,63.41 USD,,,txcd_99999999,exclusive,,"US:ALL:Standard:3-5:0.00 USD,US:ALL:Expedited:1-2:9.99 USD",US:ALL:Standard:50.00 USD,
FAF-AROM-0024,Modern Pillow Mist,"The Modern Pillow Mist from Fern & Field, crafted in bamboo, to bring a little calm into your daily routine.",https://livgpt.vercel.app/?merchant=fern-and-field&product=FAF-AROM-0024,Fern & Field,,FAF-AROM-0024,https://livgpt.vercel.app/mock-catalog/images/fern-and-field/aromatherapy-4.png,,,,new,Health & Beauty > Health Care,Wellness > Aromatherapy,adult,Bamboo,4 in,4 in,6 in,0.82 lb,FAF-AROM-GRP-005,Aromatherapy,,,,unisex,in_stock,,,,73,77.75 USD,58.80 USD,2026-07-01/2026-12-31,txcd_99999999,exclusive,,"US:ALL:Standard:3-5:0.00 USD,US:ALL:Expedited:1-2:9.99 USD",US:ALL:Standard:50.00 USD,
FAF-AROM-0025,Modern Essential Oil Set,"The Modern Essential Oil Set from Fern & Field, crafted in bamboo, to bring a little calm into your daily routine.",https://livgpt.vercel.app/?merchant=fern-and-field&product=FAF-AROM-0025,Fernwood,,FAF-AROM-0025,https://livgpt.vercel.app/mock-catalog/images/fern-and-field/aromatherapy-5.png,,,,new,Health & Beauty > Health Care,Wellness > Aromatherapy,adult,Bamboo,4 in,4 in,6 in,0.88 lb,FAF-AROM-GRP-005,Aromatherapy,,,,unisex,in_stock,,,,108,42.26 USD,34.33 USD,2026-07-01/2026-12-31,txcd_99999999,exclusive,,"US:ALL:Standard:3-5:0.00 USD,US:ALL:Expedited:1-2:9.99 USD",US:ALL:Standard:50.00 USD,
FAF-AROM-0026,Heritage Reed Diffuser,"The Heritage Reed Diffuser from Fern & Field, crafted in bamboo, to bring a little calm into your daily routine.",https://livgpt.vercel.app/?merchant=fern-and-field&product=FAF-AROM-0026,Field & Co.,,FAF-AROM-0026,https://livgpt.vercel.app/mock-catalog/images/fern-and-field/aromatherapy-1.png,,,,new,Health & Beauty > Health Care,Wellness > Aromatherapy,adult,Bamboo,4 in,4 in,6 in,0.85 lb,FAF-AROM-GRP-006,Aromatherapy,,,,unisex,in_stock,,,,140,44.40 USD,,,txcd_99999999,exclusive,,"US:ALL:Standard:3-5:0.00 USD,US:ALL:Expedited:1-2:9.99 USD",US:ALL:Standard:50.00 USD,
FAF-AROM-0027,Modern Reed Diffuser,"The Modern Reed Diffuser from Fern & Field, crafted in ceramic, to bring a little calm into your daily routine.",https://livgpt.vercel.app/?merchant=fern-and-field&product=FAF-AROM-0027,Fernwood,,FAF-AROM-0027,https://livgpt.vercel.app/mock-catalog/images/fern-and-field/aromatherapy-2.png,,,,new,Health & Beauty > Health Care,Wellness > Aromatherapy,adult,Ceramic,4 in,4 in,6 in,0.86 lb,FAF-AROM-GRP-006,Aromatherapy,,,,unisex,in_stock,,,,50,71.04 USD,,,txcd_99999999,exclusive,,"US:ALL:Standard:3-5:0.00 USD,US:ALL:Expedited:1-2:9.99 USD",US:ALL:Standard:50.00 USD,
FAF-AROM-0028,Pro Essential Oil Set,"The Pro Essential Oil Set from Fern & Field, crafted in bamboo, to bring a little calm into your daily routine.",https://livgpt.vercel.app/?merchant=fern-and-field&product=FAF-AROM-0028,Field & Co.,,FAF-AROM-0028,https://livgpt.vercel.app/mock-catalog/images/fern-and-field/aromatherapy-3.png,,,,new,Health & Beauty > Health Care,Wellness > Aromatherapy,adult,Bamboo,4 in,4 in,6 in,0.84 lb,FAF-AROM-GRP-007,Aromatherapy,,,,unisex,in_stock,,,,152,23.76 USD,21.73 USD,2026-07-01/2026-12-31,txcd_99999999,exclusive,,"US:ALL:Standard:3-5:0.00 USD,US:ALL:Expedited:1-2:9.99 USD",US:ALL:Standard:50.00 USD,
FAF-AROM-0029,Luxe Pillow Mist,"The Luxe Pillow Mist from Fern & Field, crafted in bamboo, to bring a little calm into your daily routine.",https://livgpt.vercel.app/?merchant=fern-and-field&product=FAF-AROM-0029,Field & Co.,,FAF-AROM-0029,https://livgpt.vercel.app/mock-catalog/images/fern-and-field/aromatherapy-4.png,,,,new,Health & Beauty > Health Care,Wellness > Aromatherapy,adult,Bamboo,4 in,4 in,6 in,0.86 lb,FAF-AROM-GRP-007,Aromatherapy,,,,unisex,in_stock,,,,3,57.61 USD,,,txcd_99999999,exclusive,,"US:ALL:Standard:3-5:0.00 USD,US:ALL:Expedited:1-2:9.99 USD",US:ALL:Standard:50.00 USD,
FAF-AROM-0030,Nova Essential Oil Diffuser,"The Nova Essential Oil Diffuser from Fern & Field, crafted in ceramic, to bring a little calm into your daily routine.",https://livgpt.vercel.app/?merchant=fern-and-field&product=FAF-AROM-0030,Fernwood,,FAF-AROM-0030,https://livgpt.vercel.app/mock-catalog/images/fern-and-field/aromatherapy-5.png,,,,new,Health & Beauty > Health Care,Wellness > Aromatherapy,adult,Ceramic,4 in,4 in,6 in,0.9 lb,FAF-AROM-GRP-008,Aromatherapy,,,,unisex,in_stock,,,,59,25.12 USD,,,txcd_99999999,exclusive,,"US:ALL:Standard:3-5:0.00 USD,US:ALL:Expedited:1-2:9.99 USD",US:ALL:Standard:50.00 USD,
FAF-YOGA-0031,Aero Foam Roller,"The Aero Foam Roller from Fern & Field, crafted in natural rubber, ease tension and recover faster after training.",https://livgpt.vercel.app/?merchant=fern-and-field&product=FAF-YOGA-0031,Fern & Field,,FAF-YOGA-0031,https://livgpt.vercel.app/mock-catalog/images/fern-and-field/yoga-1.png,,,,new,Sporting Goods > Exercise & Fitness > Yoga & Pilates,Fitness > Yoga & Recovery,adult,Natural Rubber,26 in,5 in,5 in,2.76 lb,FAF-YOGA-GRP-001,Yoga & Recovery,,,,unisex,in_stock,,,,189,58.91 USD,,,txcd_99999999,exclusive,,"US:ALL:Standard:3-5:0.00 USD,US:ALL:Expedited:1-2:9.99 USD",US:ALL:Standard:50.00 USD,
FAF-YOGA-0032,Classic Foam Roller,"The Classic Foam Roller from Fern & Field, crafted in cork, ease tension and recover faster after training.",https://livgpt.vercel.app/?merchant=fern-and-field&product=FAF-YOGA-0032,Fernwood,,FAF-YOGA-0032,https://livgpt.vercel.app/mock-catalog/images/fern-and-field/yoga-2.png,,,,new,Sporting Goods > Exercise & Fitness > Yoga & Pilates,Fitness > Yoga & Recovery,adult,Cork,26 in,5 in,5 in,2.76 lb,FAF-YOGA-GRP-001,Yoga & Recovery,,,,unisex,in_stock,,,,166,66.05 USD,,,txcd_99999999,exclusive,,"US:ALL:Standard:3-5:0.00 USD,US:ALL:Expedited:1-2:9.99 USD",US:ALL:Standard:50.00 USD,
FAF-YOGA-0033,Trail Foam Roller,"The Trail Foam Roller from Fern & Field, crafted in cork, ease tension and recover faster after training.",https://livgpt.vercel.app/?merchant=fern-and-field&product=FAF-YOGA-0033,Fern & Field,,FAF-YOGA-0033,https://livgpt.vercel.app/mock-catalog/images/fern-and-field/yoga-3.png,,,,new,Sporting Goods > Exercise & Fitness > Yoga & Pilates,Fitness > Yoga & Recovery,adult,Cork,26 in,5 in,5 in,3.03 lb,FAF-YOGA-GRP-002,Yoga & Recovery,,,,unisex,in_stock,,,,190,33.36 USD,26.41 USD,2026-07-01/2026-12-31,txcd_99999999,exclusive,,"US:ALL:Standard:3-5:0.00 USD,US:ALL:Expedited:1-2:9.99 USD",US:ALL:Standard:50.00 USD,
FAF-YOGA-0034,Nova Foam Roller,"The Nova Foam Roller from Fern & Field, crafted in natural rubber, ease tension and recover faster after training.",https://livgpt.vercel.app/?merchant=fern-and-field&product=FAF-YOGA-0034,Field & Co.,,FAF-YOGA-0034,https://livgpt.vercel.app/mock-catalog/images/fern-and-field/yoga-4.png,,,,new,Sporting Goods > Exercise & Fitness > Yoga & Pilates,Fitness > Yoga & Recovery,adult,Natural Rubber,26 in,5 in,5 in,3.3 lb,FAF-YOGA-GRP-002,Yoga & Recovery,,,,unisex,in_stock,,,,88,31.65 USD,23.74 USD,2026-07-01/2026-12-31,txcd_99999999,exclusive,,"US:ALL:Standard:3-5:0.00 USD,US:ALL:Expedited:1-2:9.99 USD",US:ALL:Standard:50.00 USD,
FAF-YOGA-0035,Heritage Bolster Cushion,"The Heritage Bolster Cushion from Fern & Field, crafted in cork, ease tension and recover faster after training.",https://livgpt.vercel.app/?merchant=fern-and-field&product=FAF-YOGA-0035,Field & Co.,,FAF-YOGA-0035,https://livgpt.vercel.app/mock-catalog/images/fern-and-field/yoga-5.png,,,,new,Sporting Goods > Exercise & Fitness > Yoga & Pilates,Fitness > Yoga & Recovery,adult,Cork,26 in,5 in,5 in,2.97 lb,FAF-YOGA-GRP-003,Yoga & Recovery,,,,unisex,in_stock,,,,219,32.44 USD,27.56 USD,2026-07-01/2026-12-31,txcd_99999999,exclusive,,"US:ALL:Standard:3-5:0.00 USD,US:ALL:Expedited:1-2:9.99 USD",US:ALL:Standard:50.00 USD,
FAF-YOGA-0036,Signature Foam Roller,"The Signature Foam Roller from Fern & Field, crafted in natural rubber, ease tension and recover faster after training.",https://livgpt.vercel.app/?merchant=fern-and-field&product=FAF-YOGA-0036,Fernwood,,FAF-YOGA-0036,https://livgpt.vercel.app/mock-catalog/images/fern-and-field/yoga-1.png,,,,new,Sporting Goods > Exercise & Fitness > Yoga & Pilates,Fitness > Yoga & Recovery,adult,Natural Rubber,26 in,5 in,5 in,3.3 lb,FAF-YOGA-GRP-003,Yoga & Recovery,,,,unisex,out_of_stock,,,,99,31.88 USD,,,txcd_99999999,exclusive,,"US:ALL:Standard:3-5:0.00 USD,US:ALL:Expedited:1-2:9.99 USD",US:ALL:Standard:50.00 USD,
FAF-YOGA-0037,Minimalist Foam Roller,"The Minimalist Foam Roller from Fern & Field, crafted in natural rubber, ease tension and recover faster after training.",https://livgpt.vercel.app/?merchant=fern-and-field&product=FAF-YOGA-0037,Fern & Field,,FAF-YOGA-0037,https://livgpt.vercel.app/mock-catalog/images/fern-and-field/yoga-2.png,,,,new,Sporting Goods > Exercise & Fitness > Yoga & Pilates,Fitness > Yoga & Recovery,adult,Natural Rubber,26 in,5 in,5 in,2.97 lb,FAF-YOGA-GRP-004,Yoga & Recovery,,,,unisex,in_stock,,,,228,53.82 USD,,,txcd_99999999,exclusive,,"US:ALL:Standard:3-5:0.00 USD,US:ALL:Expedited:1-2:9.99 USD",US:ALL:Standard:50.00 USD,
FAF-YOGA-0038,Minimalist Yoga Block Set,"The Minimalist Yoga Block Set from Fern & Field, crafted in natural rubber, ease tension and recover faster after training.",https://livgpt.vercel.app/?merchant=fern-and-field&product=FAF-YOGA-0038,Fernwood,,FAF-YOGA-0038,https://livgpt.vercel.app/mock-catalog/images/fern-and-field/yoga-3.png,,,,new,Sporting Goods > Exercise & Fitness > Yoga & Pilates,Fitness > Yoga & Recovery,adult,Natural Rubber,26 in,5 in,5 in,3.18 lb,FAF-YOGA-GRP-004,Yoga & Recovery,,,,unisex,in_stock,,,,217,67.30 USD,,,txcd_99999999,exclusive,,"US:ALL:Standard:3-5:0.00 USD,US:ALL:Expedited:1-2:9.99 USD",US:ALL:Standard:50.00 USD,
FAF-YOGA-0039,Trail Bolster Cushion,"The Trail Bolster Cushion from Fern & Field, crafted in natural rubber, ease tension and recover faster after training.",https://livgpt.vercel.app/?merchant=fern-and-field&product=FAF-YOGA-0039,Fern & Field,,FAF-YOGA-0039,https://livgpt.vercel.app/mock-catalog/images/fern-and-field/yoga-4.png,,,,new,Sporting Goods > Exercise & Fitness > Yoga & Pilates,Fitness > Yoga & Recovery,adult,Natural Rubber,26 in,5 in,5 in,3.24 lb,FAF-YOGA-GRP-005,Yoga & Recovery,,,,unisex,in_stock,,,,107,23.53 USD,,,txcd_99999999,exclusive,,"US:ALL:Standard:3-5:0.00 USD,US:ALL:Expedited:1-2:9.99 USD",US:ALL:Standard:50.00 USD,
FAF-YOGA-0040,Essential Bolster Cushion,"The Essential Bolster Cushion from Fern & Field, crafted in natural rubber, ease tension and recover faster after training.",https://livgpt.vercel.app/?merchant=fern-and-field&product=FAF-YOGA-0040,Fernwood,,FAF-YOGA-0040,https://livgpt.vercel.app/mock-catalog/images/fern-and-field/yoga-5.png,,,,new,Sporting Goods > Exercise & Fitness > Yoga & Pilates,Fitness > Yoga & Recovery,adult,Natural Rubber,26 in,5 in,5 in,2.97 lb,FAF-YOGA-GRP-005,Yoga & Recovery,,,,unisex,in_stock,,,,187,22.98 USD,17.34 USD,2026-07-01/2026-12-31,txcd_99999999,exclusive,,"US:ALL:Standard:3-5:0.00 USD,US:ALL:Expedited:1-2:9.99 USD",US:ALL:Standard:50.00 USD,
FAF-YOGA-0041,Trail Yoga Block Set,"The Trail Yoga Block Set from Fern & Field, crafted in natural rubber, ease tension and recover faster after training.",https://livgpt.vercel.app/?merchant=fern-and-field&product=FAF-YOGA-0041,Field & Co.,,FAF-YOGA-0041,https://livgpt.vercel.app/mock-catalog/images/fern-and-field/yoga-1.png,,,,new,Sporting Goods > Exercise & Fitness > Yoga & Pilates,Fitness > Yoga & Recovery,adult,Natural Rubber,26 in,5 in,5 in,3.3 lb,FAF-YOGA-GRP-006,Yoga & Recovery,,,,unisex,in_stock,,,,101,97.24 USD,,,txcd_99999999,exclusive,,"US:ALL:Standard:3-5:0.00 USD,US:ALL:Expedited:1-2:9.99 USD",US:ALL:Standard:50.00 USD,
FAF-YOGA-0042,Urban Yoga Block Set,"The Urban Yoga Block Set from Fern & Field, crafted in natural rubber, ease tension and recover faster after training.",https://livgpt.vercel.app/?merchant=fern-and-field&product=FAF-YOGA-0042,Fern & Field,,FAF-YOGA-0042,https://livgpt.vercel.app/mock-catalog/images/fern-and-field/yoga-2.png,,,,new,Sporting Goods > Exercise & Fitness > Yoga & Pilates,Fitness > Yoga & Recovery,adult,Natural Rubber,26 in,5 in,5 in,3.21 lb,FAF-YOGA-GRP-006,Yoga & Recovery,,,,unisex,in_stock,,,,208,78.47 USD,,,txcd_99999999,exclusive,,"US:ALL:Standard:3-5:0.00 USD,US:ALL:Expedited:1-2:9.99 USD",US:ALL:Standard:50.00 USD,
FAF-YOGA-0043,Coastal Foam Roller,"The Coastal Foam Roller from Fern & Field, crafted in cork, ease tension and recover faster after training.",https://livgpt.vercel.app/?merchant=fern-and-field&product=FAF-YOGA-0043,Fernwood,,FAF-YOGA-0043,https://livgpt.vercel.app/mock-catalog/images/fern-and-field/yoga-3.png,,,,new,Sporting Goods > Exercise & Fitness > Yoga & Pilates,Fitness > Yoga & Recovery,adult,Cork,26 in,5 in,5 in,3.0 lb,FAF-YOGA-GRP-007,Yoga & Recovery,,,,unisex,in_stock,,,,169,47.66 USD,,,txcd_99999999,exclusive,,"US:ALL:Standard:3-5:0.00 USD,US:ALL:Expedited:1-2:9.99 USD",US:ALL:Standard:50.00 USD,
FAF-YOGA-0044,Signature Bolster Cushion,"The Signature Bolster Cushion from Fern & Field, crafted in cork, ease tension and recover faster after training.",https://livgpt.vercel.app/?merchant=fern-and-field&product=FAF-YOGA-0044,Field & Co.,,FAF-YOGA-0044,https://livgpt.vercel.app/mock-catalog/images/fern-and-field/yoga-4.png,,,,new,Sporting Goods > Exercise & Fitness > Yoga & Pilates,Fitness > Yoga & Recovery,adult,Cork,26 in,5 in,5 in,2.91 lb,FAF-YOGA-GRP-007,Yoga & Recovery,,,,unisex,in_stock,,,,143,52.69 USD,44.28 USD,2026-07-01/2026-12-31,txcd_99999999,exclusive,,"US:ALL:Standard:3-5:0.00 USD,US:ALL:Expedited:1-2:9.99 USD",US:ALL:Standard:50.00 USD,
FAF-YOGA-0045,Everyday Cork Yoga Mat,"The Everyday Cork Yoga Mat from Fern & Field, crafted in natural rubber, ease tension and recover faster after training.",https://livgpt.vercel.app/?merchant=fern-and-field&product=FAF-YOGA-0045,Fern & Field,,FAF-YOGA-0045,https://livgpt.vercel.app/mock-catalog/images/fern-and-field/yoga-5.png,,,,new,Sporting Goods > Exercise & Fitness > Yoga & Pilates,Fitness > Yoga & Recovery,adult,Natural Rubber,26 in,5 in,5 in,2.88 lb,FAF-YOGA-GRP-008,Yoga & Recovery,,,,unisex,in_stock,,,,34,28.60 USD,,,txcd_99999999,exclusive,,"US:ALL:Standard:3-5:0.00 USD,US:ALL:Expedited:1-2:9.99 USD",US:ALL:Standard:50.00 USD,
FAF-MUGS-0046,Coastal Speckled Mug,"The Coastal Speckled Mug from Fern & Field, crafted in ceramic, for slow mornings and better coffee rituals.",https://livgpt.vercel.app/?merchant=fern-and-field&product=FAF-MUGS-0046,Field & Co.,,FAF-MUGS-0046,https://livgpt.vercel.app/mock-catalog/images/fern-and-field/mugs-1.png,,,,new,Home & Garden > Kitchen & Dining > Tableware > Drinkware,Drinkware > Mugs,adult,Ceramic,5 in,4 in,5 in,1.18 lb,FAF-MUGS-GRP-001,Mugs,,,,unisex,in_stock,,,,92,45.98 USD,,,txcd_99999999,exclusive,,"US:ALL:Standard:3-5:0.00 USD,US:ALL:Expedited:1-2:9.99 USD",US:ALL:Standard:50.00 USD,
FAF-MUGS-0047,Featherlight Stoneware Mug,"The Featherlight Stoneware Mug from Fern & Field, crafted in stoneware, for slow mornings and better coffee rituals.",https://livgpt.vercel.app/?merchant=fern-and-field&product=FAF-MUGS-0047,Fern & Field,,FAF-MUGS-0047,https://livgpt.vercel.app/mock-catalog/images/fern-and-field/mugs-2.png,,,,new,Home & Garden > Kitchen & Dining > Tableware > Drinkware,Drinkware > Mugs,adult,Stoneware,5 in,4 in,5 in,1.02 lb,FAF-MUGS-GRP-001,Mugs,,,,unisex,in_stock,,,,69,38.19 USD,29.12 USD,2026-07-01/2026-12-31,txcd_99999999,exclusive,,"US:ALL:Standard:3-5:0.00 USD,US:ALL:Expedited:1-2:9.99 USD",US:ALL:Standard:50.00 USD,
FAF-MUGS-0048,Rugged Speckled Mug,"The Rugged Speckled Mug from Fern & Field, crafted in stoneware, for slow mornings and better coffee rituals.",https://livgpt.vercel.app/?merchant=fern-and-field&product=FAF-MUGS-0048,Field & Co.,,FAF-MUGS-0048,https://livgpt.vercel.app/mock-catalog/images/fern-and-field/mugs-3.png,,,,new,Home & Garden > Kitchen & Dining > Tableware > Drinkware,Drinkware > Mugs,adult,Stoneware,5 in,4 in,5 in,1.17 lb,FAF-MUGS-GRP-002,Mugs,,,,unisex,in_stock,,,,139,18.52 USD,,,txcd_99999999,exclusive,,"US:ALL:Standard:3-5:0.00 USD,US:ALL:Expedited:1-2:9.99 USD",US:ALL:Standard:50.00 USD,
FAF-MUGS-0049,Alpine Stoneware Mug,"The Alpine Stoneware Mug from Fern & Field, crafted in ceramic, for slow mornings and better coffee rituals.",https://livgpt.vercel.app/?merchant=fern-and-field&product=FAF-MUGS-0049,Fern & Field,,FAF-MUGS-0049,https://livgpt.vercel.app/mock-catalog/images/fern-and-field/mugs-4.png,,,,new,Home & Garden > Kitchen & Dining > Tableware > Drinkware,Drinkware > Mugs,adult,Ceramic,5 in,4 in,5 in,1.2 lb,FAF-MUGS-GRP-002,Mugs,,,,unisex,in_stock,,,,29,16.29 USD,,,txcd_99999999,exclusive,,"US:ALL:Standard:3-5:0.00 USD,US:ALL:Expedited:1-2:9.99 USD",US:ALL:Standard:50.00 USD,
FAF-MUGS-0050,Signature Speckled Mug,"The Signature Speckled Mug from Fern & Field, crafted in stoneware, for slow mornings and better coffee rituals.",https://livgpt.vercel.app/?merchant=fern-and-field&product=FAF-MUGS-0050,Fernwood,,FAF-MUGS-0050,https://livgpt.vercel.app/mock-catalog/images/fern-and-field/mugs-5.png,,,,new,Home & Garden > Kitchen & Dining > Tableware > Drinkware,Drinkware > Mugs,adult,Stoneware,5 in,4 in,5 in,1.14 lb,FAF-MUGS-GRP-003,Mugs,,,,unisex,in_stock,,,,131,23.14 USD,,,txcd_99999999,exclusive,,"US:ALL:Standard:3-5:0.00 USD,US:ALL:Expedited:1-2:9.99 USD",US:ALL:Standard:50.00 USD,
FAF-MUGS-0051,Pro Stoneware Mug,"The Pro Stoneware Mug from Fern & Field, crafted in stoneware, for slow mornings and better coffee rituals.",https://livgpt.vercel.app/?merchant=fern-and-field&product=FAF-MUGS-0051,Fernwood,,FAF-MUGS-0051,https://livgpt.vercel.app/mock-catalog/images/fern-and-field/mugs-1.png,,,,new,Home & Garden > Kitchen & Dining > Tableware > Drinkware,Drinkware > Mugs,adult,Stoneware,5 in,4 in,5 in,1.14 lb,FAF-MUGS-GRP-003,Mugs,,,,unisex,in_stock,,,,132,45.55 USD,,,txcd_99999999,exclusive,,"US:ALL:Standard:3-5:0.00 USD,US:ALL:Expedited:1-2:9.99 USD",US:ALL:Standard:50.00 USD,
FAF-MUGS-0052,Premium Handmade Mug Set,"The Premium Handmade Mug Set from Fern & Field, crafted in ceramic, for slow mornings and better coffee rituals.",https://livgpt.vercel.app/?merchant=fern-and-field&product=FAF-MUGS-0052,Fernwood,,FAF-MUGS-0052,https://livgpt.vercel.app/mock-catalog/images/fern-and-field/mugs-2.png,,,,new,Home & Garden > Kitchen & Dining > Tableware > Drinkware,Drinkware > Mugs,adult,Ceramic,5 in,4 in,5 in,1.09 lb,FAF-MUGS-GRP-004,Mugs,,,,unisex,in_stock,,,,70,24.99 USD,,,txcd_99999999,exclusive,,"US:ALL:Standard:3-5:0.00 USD,US:ALL:Expedited:1-2:9.99 USD",US:ALL:Standard:50.00 USD,
FAF-MUGS-0053,Pro Handmade Mug Set,"The Pro Handmade Mug Set from Fern & Field, crafted in ceramic, for slow mornings and better coffee rituals.",https://livgpt.vercel.app/?merchant=fern-and-field&product=FAF-MUGS-0053,Field & Co.,,FAF-MUGS-0053,https://livgpt.vercel.app/mock-catalog/images/fern-and-field/mugs-3.png,,,,new,Home & Garden > Kitchen & Dining > Tableware > Drinkware,Drinkware > Mugs,adult,Ceramic,5 in,4 in,5 in,1.09 lb,FAF-MUGS-GRP-004,Mugs,,,,unisex,in_stock,,,,66,20.12 USD,,,txcd_99999999,exclusive,,"US:ALL:Standard:3-5:0.00 USD,US:ALL:Expedited:1-2:9.99 USD",US:ALL:Standard:50.00 USD,
FAF-MUGS-0054,Featherlight Speckled Mug,"The Featherlight Speckled Mug from Fern & Field, crafted in ceramic, for slow mornings and better coffee rituals.",https://livgpt.vercel.app/?merchant=fern-and-field&product=FAF-MUGS-0054,Fern & Field,,FAF-MUGS-0054,https://livgpt.vercel.app/mock-catalog/images/fern-and-field/mugs-4.png,,,,new,Home & Garden > Kitchen & Dining > Tableware > Drinkware,Drinkware > Mugs,adult,Ceramic,5 in,4 in,5 in,1.02 lb,FAF-MUGS-GRP-005,Mugs,,,,unisex,in_stock,,,,9,18.06 USD,,,txcd_99999999,exclusive,,"US:ALL:Standard:3-5:0.00 USD,US:ALL:Expedited:1-2:9.99 USD",US:ALL:Standard:50.00 USD,
FAF-MUGS-0055,Coastal Stoneware Mug,"The Coastal Stoneware Mug from Fern & Field, crafted in ceramic, for slow mornings and better coffee rituals.",https://livgpt.vercel.app/?merchant=fern-and-field&product=FAF-MUGS-0055,Fernwood,,FAF-MUGS-0055,https://livgpt.vercel.app/mock-catalog/images/fern-and-field/mugs-5.png,,,,new,Home & Garden > Kitchen & Dining > Tableware > Drinkware,Drinkware > Mugs,adult,Ceramic,5 in,4 in,5 in,1.07 lb,FAF-MUGS-GRP-005,Mugs,,,,unisex,in_stock,,,,243,27.01 USD,,,txcd_99999999,exclusive,,"US:ALL:Standard:3-5:0.00 USD,US:ALL:Expedited:1-2:9.99 USD",US:ALL:Standard:50.00 USD,
FAF-MUGS-0056,Classic Handmade Mug Set,"The Classic Handmade Mug Set from Fern & Field, crafted in stoneware, for slow mornings and better coffee rituals.",https://livgpt.vercel.app/?merchant=fern-and-field&product=FAF-MUGS-0056,Fernwood,,FAF-MUGS-0056,https://livgpt.vercel.app/mock-catalog/images/fern-and-field/mugs-1.png,,,,new,Home & Garden > Kitchen & Dining > Tableware > Drinkware,Drinkware > Mugs,adult,Stoneware,5 in,4 in,5 in,1.17 lb,FAF-MUGS-GRP-006,Mugs,,,,unisex,out_of_stock,,,,37,36.78 USD,30.29 USD,2026-07-01/2026-12-31,txcd_99999999,exclusive,,"US:ALL:Standard:3-5:0.00 USD,US:ALL:Expedited:1-2:9.99 USD",US:ALL:Standard:50.00 USD,
FAF-MUGS-0057,Minimalist Speckled Mug,"The Minimalist Speckled Mug from Fern & Field, crafted in stoneware, for slow mornings and better coffee rituals.",https://livgpt.vercel.app/?merchant=fern-and-field&product=FAF-MUGS-0057,Field & Co.,,FAF-MUGS-0057,https://livgpt.vercel.app/mock-catalog/images/fern-and-field/mugs-2.png,,,,new,Home & Garden > Kitchen & Dining > Tableware > Drinkware,Drinkware > Mugs,adult,Stoneware,5 in,4 in,5 in,1.12 lb,FAF-MUGS-GRP-006,Mugs,,,,unisex,in_stock,,,,204,36.85 USD,33.56 USD,2026-07-01/2026-12-31,txcd_99999999,exclusive,,"US:ALL:Standard:3-5:0.00 USD,US:ALL:Expedited:1-2:9.99 USD",US:ALL:Standard:50.00 USD,
FAF-MUGS-0058,Trail Stoneware Mug,"The Trail Stoneware Mug from Fern & Field, crafted in ceramic, for slow mornings and better coffee rituals.",https://livgpt.vercel.app/?merchant=fern-and-field&product=FAF-MUGS-0058,Field & Co.,,FAF-MUGS-0058,https://livgpt.vercel.app/mock-catalog/images/fern-and-field/mugs-3.png,,,,new,Home & Garden > Kitchen & Dining > Tableware > Drinkware,Drinkware > Mugs,adult,Ceramic,5 in,4 in,5 in,1.13 lb,FAF-MUGS-GRP-007,Mugs,,,,unisex,in_stock,,,,98,35.41 USD,,,txcd_99999999,exclusive,,"US:ALL:Standard:3-5:0.00 USD,US:ALL:Expedited:1-2:9.99 USD",US:ALL:Standard:50.00 USD,
FAF-MUGS-0059,Signature Latte Cup Set,"The Signature Latte Cup Set from Fern & Field, crafted in ceramic, for slow mornings and better coffee rituals.",https://livgpt.vercel.app/?merchant=fern-and-field&product=FAF-MUGS-0059,Field & Co.,,FAF-MUGS-0059,https://livgpt.vercel.app/mock-catalog/images/fern-and-field/mugs-4.png,,,,new,Home & Garden > Kitchen & Dining > Tableware > Drinkware,Drinkware > Mugs,adult,Ceramic,5 in,4 in,5 in,1.02 lb,FAF-MUGS-GRP-007,Mugs,,,,unisex,in_stock,,,,133,22.38 USD,,,txcd_99999999,exclusive,,"US:ALL:Standard:3-5:0.00 USD,US:ALL:Expedited:1-2:9.99 USD",US:ALL:Standard:50.00 USD,
FAF-MUGS-0060,Premium Stoneware Mug,"The Premium Stoneware Mug from Fern & Field, crafted in ceramic, for slow mornings and better coffee rituals.",https://livgpt.vercel.app/?merchant=fern-and-field&product=FAF-MUGS-0060,Fern & Field,,FAF-MUGS-0060,https://livgpt.vercel.app/mock-catalog/images/fern-and-field/mugs-5.png,,,,new,Home & Garden > Kitchen & Dining > Tableware > Drinkware,Drinkware > Mugs,adult,Ceramic,5 in,4 in,5 in,1.17 lb,FAF-MUGS-GRP-008,Mugs,,,,unisex,in_stock,,,,196,21.22 USD,,,txcd_99999999,exclusive,,"US:ALL:Standard:3-5:0.00 USD,US:ALL:Expedited:1-2:9.99 USD",US:ALL:Standard:50.00 USD,
FAF-TUMB-0061,Minimalist Insulated Tumbler,"The Minimalist Insulated Tumbler from Fern & Field, crafted in stainless steel, double-walled to keep drinks hot or cold for hours.",https://livgpt.vercel.app/?merchant=fern-and-field&product=FAF-TUMB-0061,Fernwood,,FAF-TUMB-0061,https://livgpt.vercel.app/mock-catalog/images/fern-and-field/tumblers-1.png,,,,new,Home & Garden > Kitchen & Dining > Food & Beverage Carriers > Water Bottles,Drinkware > Tumblers,adult,Stainless Steel,4 in,4 in,8 in,1.08 lb,FAF-TUMB-GRP-001,Tumblers,,,,unisex,in_stock,,,,66,27.84 USD,,,txcd_99999999,exclusive,,"US:ALL:Standard:3-5:0.00 USD,US:ALL:Expedited:1-2:9.99 USD",US:ALL:Standard:50.00 USD,
FAF-TUMB-0062,Modern Glass Tumbler Set,"The Modern Glass Tumbler Set from Fern & Field, crafted in stainless steel, double-walled to keep drinks hot or cold for hours.",https://livgpt.vercel.app/?merchant=fern-and-field&product=FAF-TUMB-0062,Field & Co.,,FAF-TUMB-0062,https://livgpt.vercel.app/mock-catalog/images/fern-and-field/tumblers-2.png,,,,new,Home & Garden > Kitchen & Dining > Food & Beverage Carriers > Water Bottles,Drinkware > Tumblers,adult,Stainless Steel,4 in,4 in,8 in,0.91 lb,FAF-TUMB-GRP-001,Tumblers,,,,unisex,in_stock,,,,93,32.46 USD,27.68 USD,2026-07-01/2026-12-31,txcd_99999999,exclusive,,"US:ALL:Standard:3-5:0.00 USD,US:ALL:Expedited:1-2:9.99 USD",US:ALL:Standard:50.00 USD,
FAF-TUMB-0063,Nova Glass Tumbler Set,"The Nova Glass Tumbler Set from Fern & Field, crafted in stainless steel, double-walled to keep drinks hot or cold for hours.",https://livgpt.vercel.app/?merchant=fern-and-field&product=FAF-TUMB-0063,Fern & Field,,FAF-TUMB-0063,https://livgpt.vercel.app/mock-catalog/images/fern-and-field/tumblers-3.png,,,,new,Home & Garden > Kitchen & Dining > Food & Beverage Carriers > Water Bottles,Drinkware > Tumblers,adult,Stainless Steel,4 in,4 in,8 in,1.04 lb,FAF-TUMB-GRP-002,Tumblers,,,,unisex,in_stock,,,,219,29.11 USD,,,txcd_99999999,exclusive,,"US:ALL:Standard:3-5:0.00 USD,US:ALL:Expedited:1-2:9.99 USD",US:ALL:Standard:50.00 USD,
FAF-TUMB-0064,Signature Bamboo Travel Cup,"The Signature Bamboo Travel Cup from Fern & Field, crafted in bamboo, double-walled to keep drinks hot or cold for hours.",https://livgpt.vercel.app/?merchant=fern-and-field&product=FAF-TUMB-0064,Fern & Field,,FAF-TUMB-0064,https://livgpt.vercel.app/mock-catalog/images/fern-and-field/tumblers-4.png,,,,new,Home & Garden > Kitchen & Dining > Food & Beverage Carriers > Water Bottles,Drinkware > Tumblers,adult,Bamboo,4 in,4 in,8 in,1.02 lb,FAF-TUMB-GRP-002,Tumblers,,,,unisex,in_stock,,,,143,29.68 USD,22.73 USD,2026-07-01/2026-12-31,txcd_99999999,exclusive,,"US:ALL:Standard:3-5:0.00 USD,US:ALL:Expedited:1-2:9.99 USD",US:ALL:Standard:50.00 USD,
FAF-TUMB-0065,Everyday Glass Tumbler Set,"The Everyday Glass Tumbler Set from Fern & Field, crafted in stainless steel, double-walled to keep drinks hot or cold for hours.",https://livgpt.vercel.app/?merchant=fern-and-field&product=FAF-TUMB-0065,Field & Co.,,FAF-TUMB-0065,https://livgpt.vercel.app/mock-catalog/images/fern-and-field/tumblers-5.png,,,,new,Home & Garden > Kitchen & Dining > Food & Beverage Carriers > Water Bottles,Drinkware > Tumblers,adult,Stainless Steel,4 in,4 in,8 in,0.99 lb,FAF-TUMB-GRP-003,Tumblers,,,,unisex,in_stock,,,,223,34.23 USD,,,txcd_99999999,exclusive,,"US:ALL:Standard:3-5:0.00 USD,US:ALL:Expedited:1-2:9.99 USD",US:ALL:Standard:50.00 USD,
FAF-TUMB-0066,Essential Insulated Tumbler,"The Essential Insulated Tumbler from Fern & Field, crafted in stainless steel, double-walled to keep drinks hot or cold for hours.",https://livgpt.vercel.app/?merchant=fern-and-field&product=FAF-TUMB-0066,Fern & Field,,FAF-TUMB-0066,https://livgpt.vercel.app/mock-catalog/images/fern-and-field/tumblers-1.png,,,,new,Home & Garden > Kitchen & Dining > Food & Beverage Carriers > Water Bottles,Drinkware > Tumblers,adult,Stainless Steel,4 in,4 in,8 in,0.91 lb,FAF-TUMB-GRP-003,Tumblers,,,,unisex,in_stock,,,,154,29.70 USD,,,txcd_99999999,exclusive,,"US:ALL:Standard:3-5:0.00 USD,US:ALL:Expedited:1-2:9.99 USD",US:ALL:Standard:50.00 USD,
FAF-TUMB-0067,Featherlight Glass Tumbler Set,"The Featherlight Glass Tumbler Set from Fern & Field, crafted in bamboo, double-walled to keep drinks hot or cold for hours.",https://livgpt.vercel.app/?merchant=fern-and-field&product=FAF-TUMB-0067,Fernwood,,FAF-TUMB-0067,https://livgpt.vercel.app/mock-catalog/images/fern-and-field/tumblers-2.png,,,,new,Home & Garden > Kitchen & Dining > Food & Beverage Carriers > Water Bottles,Drinkware > Tumblers,adult,Bamboo,4 in,4 in,8 in,0.99 lb,FAF-TUMB-GRP-004,Tumblers,,,,unisex,in_stock,,,,201,34.48 USD,,,txcd_99999999,exclusive,,"US:ALL:Standard:3-5:0.00 USD,US:ALL:Expedited:1-2:9.99 USD",US:ALL:Standard:50.00 USD,
FAF-TUMB-0068,Trail Insulated Tumbler,"The Trail Insulated Tumbler from Fern & Field, crafted in bamboo, double-walled to keep drinks hot or cold for hours.",https://livgpt.vercel.app/?merchant=fern-and-field&product=FAF-TUMB-0068,Field & Co.,,FAF-TUMB-0068,https://livgpt.vercel.app/mock-catalog/images/fern-and-field/tumblers-3.png,,,,new,Home & Garden > Kitchen & Dining > Food & Beverage Carriers > Water Bottles,Drinkware > Tumblers,adult,Bamboo,4 in,4 in,8 in,1.07 lb,FAF-TUMB-GRP-004,Tumblers,,,,unisex,in_stock,,,,197,43.21 USD,,,txcd_99999999,exclusive,,"US:ALL:Standard:3-5:0.00 USD,US:ALL:Expedited:1-2:9.99 USD",US:ALL:Standard:50.00 USD,
FAF-TUMB-0069,Luxe Insulated Tumbler,"The Luxe Insulated Tumbler from Fern & Field, crafted in stainless steel, double-walled to keep drinks hot or cold for hours.",https://livgpt.vercel.app/?merchant=fern-and-field&product=FAF-TUMB-0069,Field & Co.,,FAF-TUMB-0069,https://livgpt.vercel.app/mock-catalog/images/fern-and-field/tumblers-4.png,,,,new,Home & Garden > Kitchen & Dining > Food & Beverage Carriers > Water Bottles,Drinkware > Tumblers,adult,Stainless Steel,4 in,4 in,8 in,0.98 lb,FAF-TUMB-GRP-005,Tumblers,,,,unisex,in_stock,,,,202,25.01 USD,,,txcd_99999999,exclusive,,"US:ALL:Standard:3-5:0.00 USD,US:ALL:Expedited:1-2:9.99 USD",US:ALL:Standard:50.00 USD,
FAF-TUMB-0070,Everyday Insulated Tumbler,"The Everyday Insulated Tumbler from Fern & Field, crafted in stainless steel, double-walled to keep drinks hot or cold for hours.",https://livgpt.vercel.app/?merchant=fern-and-field&product=FAF-TUMB-0070,Fern & Field,,FAF-TUMB-0070,https://livgpt.vercel.app/mock-catalog/images/fern-and-field/tumblers-5.png,,,,new,Home & Garden > Kitchen & Dining > Food & Beverage Carriers > Water Bottles,Drinkware > Tumblers,adult,Stainless Steel,4 in,4 in,8 in,1.07 lb,FAF-TUMB-GRP-005,Tumblers,,,,unisex,in_stock,,,,241,38.26 USD,,,txcd_99999999,exclusive,,"US:ALL:Standard:3-5:0.00 USD,US:ALL:Expedited:1-2:9.99 USD",US:ALL:Standard:50.00 USD,
FAF-TUMB-0071,Pro Glass Tumbler Set,"The Pro Glass Tumbler Set from Fern & Field, crafted in stainless steel, double-walled to keep drinks hot or cold for hours.",https://livgpt.vercel.app/?merchant=fern-and-field&product=FAF-TUMB-0071,Fern & Field,,FAF-TUMB-0071,https://livgpt.vercel.app/mock-catalog/images/fern-and-field/tumblers-1.png,,,,new,Home & Garden > Kitchen & Dining > Food & Beverage Carriers > Water Bottles,Drinkware > Tumblers,adult,Stainless Steel,4 in,4 in,8 in,0.92 lb,FAF-TUMB-GRP-006,Tumblers,,,,unisex,in_stock,,,,137,31.20 USD,,,txcd_99999999,exclusive,,"US:ALL:Standard:3-5:0.00 USD,US:ALL:Expedited:1-2:9.99 USD",US:ALL:Standard:50.00 USD,
FAF-TUMB-0072,Minimalist Glass Tumbler Set,"The Minimalist Glass Tumbler Set from Fern & Field, crafted in stainless steel, double-walled to keep drinks hot or cold for hours.",https://livgpt.vercel.app/?merchant=fern-and-field&product=FAF-TUMB-0072,Field & Co.,,FAF-TUMB-0072,https://livgpt.vercel.app/mock-catalog/images/fern-and-field/tumblers-2.png,,,,new,Home & Garden > Kitchen & Dining > Food & Beverage Carriers > Water Bottles,Drinkware > Tumblers,adult,Stainless Steel,4 in,4 in,8 in,0.94 lb,FAF-TUMB-GRP-006,Tumblers,,,,unisex,in_stock,,,,223,24.06 USD,,,txcd_99999999,exclusive,,"US:ALL:Standard:3-5:0.00 USD,US:ALL:Expedited:1-2:9.99 USD",US:ALL:Standard:50.00 USD,
FAF-TUMB-0073,Classic Glass Tumbler Set,"The Classic Glass Tumbler Set from Fern & Field, crafted in bamboo, double-walled to keep drinks hot or cold for hours.",https://livgpt.vercel.app/?merchant=fern-and-field&product=FAF-TUMB-0073,Field & Co.,,FAF-TUMB-0073,https://livgpt.vercel.app/mock-catalog/images/fern-and-field/tumblers-3.png,,,,new,Home & Garden > Kitchen & Dining > Food & Beverage Carriers > Water Bottles,Drinkware > Tumblers,adult,Bamboo,4 in,4 in,8 in,0.9 lb,FAF-TUMB-GRP-007,Tumblers,,,,unisex,in_stock,,,,7,22.11 USD,,,txcd_99999999,exclusive,,"US:ALL:Standard:3-5:0.00 USD,US:ALL:Expedited:1-2:9.99 USD",US:ALL:Standard:50.00 USD,
FAF-TUMB-0074,Featherlight Insulated Tumbler,"The Featherlight Insulated Tumbler from Fern & Field, crafted in bamboo, double-walled to keep drinks hot or cold for hours.",https://livgpt.vercel.app/?merchant=fern-and-field&product=FAF-TUMB-0074,Fern & Field,,FAF-TUMB-0074,https://livgpt.vercel.app/mock-catalog/images/fern-and-field/tumblers-4.png,,,,new,Home & Garden > Kitchen & Dining > Food & Beverage Carriers > Water Bottles,Drinkware > Tumblers,adult,Bamboo,4 in,4 in,8 in,1.1 lb,FAF-TUMB-GRP-007,Tumblers,,,,unisex,in_stock,,,,13,24.16 USD,,,txcd_99999999,exclusive,,"US:ALL:Standard:3-5:0.00 USD,US:ALL:Expedited:1-2:9.99 USD",US:ALL:Standard:50.00 USD,
FAF-TUMB-0075,Alpine Insulated Tumbler,"The Alpine Insulated Tumbler from Fern & Field, crafted in bamboo, double-walled to keep drinks hot or cold for hours.",https://livgpt.vercel.app/?merchant=fern-and-field&product=FAF-TUMB-0075,Field & Co.,,FAF-TUMB-0075,https://livgpt.vercel.app/mock-catalog/images/fern-and-field/tumblers-5.png,,,,new,Home & Garden > Kitchen & Dining > Food & Beverage Carriers > Water Bottles,Drinkware > Tumblers,adult,Bamboo,4 in,4 in,8 in,0.99 lb,FAF-TUMB-GRP-008,Tumblers,,,,unisex,in_stock,,,,94,23.77 USD,,,txcd_99999999,exclusive,,"US:ALL:Standard:3-5:0.00 USD,US:ALL:Expedited:1-2:9.99 USD",US:ALL:Standard:50.00 USD,
FAF-SKIN-0076,Terra Botanical Face Oil,"The Terra Botanical Face Oil from Fern & Field, thoughtfully made, a lightweight formula for visibly healthier skin.",https://livgpt.vercel.app/?merchant=fern-and-field&product=FAF-SKIN-0076,Fernwood,,FAF-SKIN-0076,https://livgpt.vercel.app/mock-catalog/images/fern-and-field/skincare-1.png,,,,new,Health & Beauty > Personal Care > Cosmetics > Skin Care,Beauty > Skincare,adult,,3 in,3 in,5 in,0.47 lb,FAF-SKIN-GRP-001,Skincare,,,,unisex,in_stock,,,,114,74.26 USD,,,txcd_99999999,exclusive,,"US:ALL:Standard:3-5:0.00 USD,US:ALL:Expedited:1-2:9.99 USD",US:ALL:Standard:50.00 USD,
FAF-SKIN-0077,Rugged Botanical Face Oil,"The Rugged Botanical Face Oil from Fern & Field, thoughtfully made, a lightweight formula for visibly healthier skin.",https://livgpt.vercel.app/?merchant=fern-and-field&product=FAF-SKIN-0077,Field & Co.,,FAF-SKIN-0077,https://livgpt.vercel.app/mock-catalog/images/fern-and-field/skincare-2.png,,,,new,Health & Beauty > Personal Care > Cosmetics > Skin Care,Beauty > Skincare,adult,,3 in,3 in,5 in,0.48 lb,FAF-SKIN-GRP-001,Skincare,,,,unisex,in_stock,,,,88,54.01 USD,,,txcd_99999999,exclusive,,"US:ALL:Standard:3-5:0.00 USD,US:ALL:Expedited:1-2:9.99 USD",US:ALL:Standard:50.00 USD,
FAF-SKIN-0078,Essential Botanical Face Oil,"The Essential Botanical Face Oil from Fern & Field, thoughtfully made, a lightweight formula for visibly healthier skin.",https://livgpt.vercel.app/?merchant=fern-and-field&product=FAF-SKIN-0078,Field & Co.,,FAF-SKIN-0078,https://livgpt.vercel.app/mock-catalog/images/fern-and-field/skincare-3.png,,,,new,Health & Beauty > Personal Care > Cosmetics > Skin Care,Beauty > Skincare,adult,,3 in,3 in,5 in,0.51 lb,FAF-SKIN-GRP-002,Skincare,,,,unisex,in_stock,,,,139,44.81 USD,,,txcd_99999999,exclusive,,"US:ALL:Standard:3-5:0.00 USD,US:ALL:Expedited:1-2:9.99 USD",US:ALL:Standard:50.00 USD,
FAF-SKIN-0079,Signature Hydrating Moisturizer,"The Signature Hydrating Moisturizer from Fern & Field, thoughtfully made, a lightweight formula for visibly healthier skin.",https://livgpt.vercel.app/?merchant=fern-and-field&product=FAF-SKIN-0079,Fernwood,,FAF-SKIN-0079,https://livgpt.vercel.app/mock-catalog/images/fern-and-field/skincare-4.png,,,,new,Health & Beauty > Personal Care > Cosmetics > Skin Care,Beauty > Skincare,adult,,3 in,3 in,5 in,0.53 lb,FAF-SKIN-GRP-002,Skincare,,,,unisex,in_stock,,,,109,55.99 USD,,,txcd_99999999,exclusive,,"US:ALL:Standard:3-5:0.00 USD,US:ALL:Expedited:1-2:9.99 USD",US:ALL:Standard:50.00 USD,
FAF-SKIN-0080,Heritage Hydrating Moisturizer,"The Heritage Hydrating Moisturizer from Fern & Field, thoughtfully made, a lightweight formula for visibly healthier skin.",https://livgpt.vercel.app/?merchant=fern-and-field&product=FAF-SKIN-0080,Fern & Field,,FAF-SKIN-0080,https://livgpt.vercel.app/mock-catalog/images/fern-and-field/skincare-5.png,,,,new,Health & Beauty > Personal Care > Cosmetics > Skin Care,Beauty > Skincare,adult,,3 in,3 in,5 in,0.49 lb,FAF-SKIN-GRP-003,Skincare,,,,unisex,in_stock,,,,109,26.62 USD,,,txcd_99999999,exclusive,,"US:ALL:Standard:3-5:0.00 USD,US:ALL:Expedited:1-2:9.99 USD",US:ALL:Standard:50.00 USD,
FAF-SKIN-0081,Urban Clay Mask,"The Urban Clay Mask from Fern & Field, thoughtfully made, a lightweight formula for visibly healthier skin.",https://livgpt.vercel.app/?merchant=fern-and-field&product=FAF-SKIN-0081,Fernwood,,FAF-SKIN-0081,https://livgpt.vercel.app/mock-catalog/images/fern-and-field/skincare-1.png,,,,new,Health & Beauty > Personal Care > Cosmetics > Skin Care,Beauty > Skincare,adult,,3 in,3 in,5 in,0.49 lb,FAF-SKIN-GRP-003,Skincare,,,,unisex,in_stock,,,,84,26.36 USD,,,txcd_99999999,exclusive,,"US:ALL:Standard:3-5:0.00 USD,US:ALL:Expedited:1-2:9.99 USD",US:ALL:Standard:50.00 USD,
FAF-SKIN-0082,Premium Clay Mask,"The Premium Clay Mask from Fern & Field, thoughtfully made, a lightweight formula for visibly healthier skin.",https://livgpt.vercel.app/?merchant=fern-and-field&product=FAF-SKIN-0082,Field & Co.,,FAF-SKIN-0082,https://livgpt.vercel.app/mock-catalog/images/fern-and-field/skincare-2.png,,,,new,Health & Beauty > Personal Care > Cosmetics > Skin Care,Beauty > Skincare,adult,,3 in,3 in,5 in,0.48 lb,FAF-SKIN-GRP-004,Skincare,,,,unisex,in_stock,,,,58,43.13 USD,,,txcd_99999999,exclusive,,"US:ALL:Standard:3-5:0.00 USD,US:ALL:Expedited:1-2:9.99 USD",US:ALL:Standard:50.00 USD,
FAF-SKIN-0083,Trail Gentle Cleanser,"The Trail Gentle Cleanser from Fern & Field, thoughtfully made, a lightweight formula for visibly healthier skin.",https://livgpt.vercel.app/?merchant=fern-and-field&product=FAF-SKIN-0083,Fernwood,,FAF-SKIN-0083,https://livgpt.vercel.app/mock-catalog/images/fern-and-field/skincare-3.png,,,,new,Health & Beauty > Personal Care > Cosmetics > Skin Care,Beauty > Skincare,adult,,3 in,3 in,5 in,0.53 lb,FAF-SKIN-GRP-004,Skincare,,,,unisex,in_stock,,,,43,24.32 USD,21.40 USD,2026-07-01/2026-12-31,txcd_99999999,exclusive,,"US:ALL:Standard:3-5:0.00 USD,US:ALL:Expedited:1-2:9.99 USD",US:ALL:Standard:50.00 USD,
FAF-SKIN-0084,Urban Gentle Cleanser,"The Urban Gentle Cleanser from Fern & Field, thoughtfully made, a lightweight formula for visibly healthier skin.",https://livgpt.vercel.app/?merchant=fern-and-field&product=FAF-SKIN-0084,Fern & Field,,FAF-SKIN-0084,https://livgpt.vercel.app/mock-catalog/images/fern-and-field/skincare-4.png,,,,new,Health & Beauty > Personal Care > Cosmetics > Skin Care,Beauty > Skincare,adult,,3 in,3 in,5 in,0.51 lb,FAF-SKIN-GRP-005,Skincare,,,,unisex,in_stock,,,,49,56.67 USD,,,txcd_99999999,exclusive,,"US:ALL:Standard:3-5:0.00 USD,US:ALL:Expedited:1-2:9.99 USD",US:ALL:Standard:50.00 USD,
FAF-SKIN-0085,Featherlight Hydrating Moisturizer,"The Featherlight Hydrating Moisturizer from Fern & Field, thoughtfully made, a lightweight formula for visibly healthier skin.",https://livgpt.vercel.app/?merchant=fern-and-field&product=FAF-SKIN-0085,Field & Co.,,FAF-SKIN-0085,https://livgpt.vercel.app/mock-catalog/images/fern-and-field/skincare-5.png,,,,new,Health & Beauty > Personal Care > Cosmetics > Skin Care,Beauty > Skincare,adult,,3 in,3 in,5 in,0.51 lb,FAF-SKIN-GRP-005,Skincare,,,,unisex,in_stock,,,,246,65.55 USD,,,txcd_99999999,exclusive,,"US:ALL:Standard:3-5:0.00 USD,US:ALL:Expedited:1-2:9.99 USD",US:ALL:Standard:50.00 USD,
FAF-SKIN-0086,Coastal Clay Mask,"The Coastal Clay Mask from Fern & Field, thoughtfully made, a lightweight formula for visibly healthier skin.",https://livgpt.vercel.app/?merchant=fern-and-field&product=FAF-SKIN-0086,Fernwood,,FAF-SKIN-0086,https://livgpt.vercel.app/mock-catalog/images/fern-and-field/skincare-1.png,,,,new,Health & Beauty > Personal Care > Cosmetics > Skin Care,Beauty > Skincare,adult,,3 in,3 in,5 in,0.46 lb,FAF-SKIN-GRP-006,Skincare,,,,unisex,in_stock,,,,193,77.03 USD,,,txcd_99999999,exclusive,,"US:ALL:Standard:3-5:0.00 USD,US:ALL:Expedited:1-2:9.99 USD",US:ALL:Standard:50.00 USD,
FAF-SKIN-0087,Classic Clay Mask,"The Classic Clay Mask from Fern & Field, thoughtfully made, a lightweight formula for visibly healthier skin.",https://livgpt.vercel.app/?merchant=fern-and-field&product=FAF-SKIN-0087,Field & Co.,,FAF-SKIN-0087,https://livgpt.vercel.app/mock-catalog/images/fern-and-field/skincare-2.png,,,,new,Health & Beauty > Personal Care > Cosmetics > Skin Care,Beauty > Skincare,adult,,3 in,3 in,5 in,0.47 lb,FAF-SKIN-GRP-006,Skincare,,,,unisex,in_stock,,,,218,72.81 USD,,,txcd_99999999,exclusive,,"US:ALL:Standard:3-5:0.00 USD,US:ALL:Expedited:1-2:9.99 USD",US:ALL:Standard:50.00 USD,
FAF-SKIN-0088,Signature Clay Mask,"The Signature Clay Mask from Fern & Field, thoughtfully made, a lightweight formula for visibly healthier skin.",https://livgpt.vercel.app/?merchant=fern-and-field&product=FAF-SKIN-0088,Field & Co.,,FAF-SKIN-0088,https://livgpt.vercel.app/mock-catalog/images/fern-and-field/skincare-3.png,,,,new,Health & Beauty > Personal Care > Cosmetics > Skin Care,Beauty > Skincare,adult,,3 in,3 in,5 in,0.46 lb,FAF-SKIN-GRP-007,Skincare,,,,unisex,in_stock,,,,83,30.40 USD,27.02 USD,2026-07-01/2026-12-31,txcd_99999999,exclusive,,"US:ALL:Standard:3-5:0.00 USD,US:ALL:Expedited:1-2:9.99 USD",US:ALL:Standard:50.00 USD,
FAF-SKIN-0089,Classic Botanical Face Oil,"The Classic Botanical Face Oil from Fern & Field, thoughtfully made, a lightweight formula for visibly healthier skin.",https://livgpt.vercel.app/?merchant=fern-and-field&product=FAF-SKIN-0089,Fernwood,,FAF-SKIN-0089,https://livgpt.vercel.app/mock-catalog/images/fern-and-field/skincare-4.png,,,,new,Health & Beauty > Personal Care > Cosmetics > Skin Care,Beauty > Skincare,adult,,3 in,3 in,5 in,0.5 lb,FAF-SKIN-GRP-007,Skincare,,,,unisex,in_stock,,,,118,69.94 USD,54.46 USD,2026-07-01/2026-12-31,txcd_99999999,exclusive,,"US:ALL:Standard:3-5:0.00 USD,US:ALL:Expedited:1-2:9.99 USD",US:ALL:Standard:50.00 USD,
FAF-SKIN-0090,Minimalist Clay Mask,"The Minimalist Clay Mask from Fern & Field, thoughtfully made, a lightweight formula for visibly healthier skin.",https://livgpt.vercel.app/?merchant=fern-and-field&product=FAF-SKIN-0090,Fernwood,,FAF-SKIN-0090,https://livgpt.vercel.app/mock-catalog/images/fern-and-field/skincare-5.png,,,,new,Health & Beauty > Personal Care > Cosmetics > Skin Care,Beauty > Skincare,adult,,3 in,3 in,5 in,0.55 lb,FAF-SKIN-GRP-008,Skincare,,,,unisex,in_stock,,,,215,18.82 USD,,,txcd_99999999,exclusive,,"US:ALL:Standard:3-5:0.00 USD,US:ALL:Expedited:1-2:9.99 USD",US:ALL:Standard:50.00 USD,
FAF-BATH-0091,Essential Bath Salts,"The Essential Bath Salts from Fern & Field, thoughtfully made, leaves skin soft, smooth, and lightly scented.",https://livgpt.vercel.app/?merchant=fern-and-field&product=FAF-BATH-0091,Field & Co.,,FAF-BATH-0091,https://livgpt.vercel.app/mock-catalog/images/fern-and-field/bath-1.png,,,,new,Health & Beauty > Personal Care > Bath & Body,Beauty > Bath & Body,adult,,3 in,3 in,5 in,0.55 lb,FAF-BATH-GRP-001,Bath & Body,,,,unisex,in_stock,,,,128,18.32 USD,16.32 USD,2026-07-01/2026-12-31,txcd_99999999,exclusive,,"US:ALL:Standard:3-5:0.00 USD,US:ALL:Expedited:1-2:9.99 USD",US:ALL:Standard:50.00 USD,
FAF-BATH-0092,Studio Bath Salts,"The Studio Bath Salts from Fern & Field, thoughtfully made, leaves skin soft, smooth, and lightly scented.",https://livgpt.vercel.app/?merchant=fern-and-field&product=FAF-BATH-0092,Fernwood,,FAF-BATH-0092,https://livgpt.vercel.app/mock-catalog/images/fern-and-field/bath-2.png,,,,new,Health & Beauty > Personal Care > Bath & Body,Beauty > Bath & Body,adult,,3 in,3 in,5 in,0.5 lb,FAF-BATH-GRP-001,Bath & Body,,,,unisex,in_stock,,,,115,26.76 USD,,,txcd_99999999,exclusive,,"US:ALL:Standard:3-5:0.00 USD,US:ALL:Expedited:1-2:9.99 USD",US:ALL:Standard:50.00 USD,
FAF-BATH-0093,Minimalist Whipped Body Butter,"The Minimalist Whipped Body Butter from Fern & Field, thoughtfully made, leaves skin soft, smooth, and lightly scented.",https://livgpt.vercel.app/?merchant=fern-and-field&product=FAF-BATH-0093,Field & Co.,,FAF-BATH-0093,https://livgpt.vercel.app/mock-catalog/images/fern-and-field/bath-3.png,,,,new,Health & Beauty > Personal Care > Bath & Body,Beauty > Bath & Body,adult,,3 in,3 in,5 in,0.54 lb,FAF-BATH-GRP-002,Bath & Body,,,,unisex,in_stock,,,,140,44.31 USD,,,txcd_99999999,exclusive,,"US:ALL:Standard:3-5:0.00 USD,US:ALL:Expedited:1-2:9.99 USD",US:ALL:Standard:50.00 USD,
FAF-BATH-0094,Coastal Bath Salts,"The Coastal Bath Salts from Fern & Field, thoughtfully made, leaves skin soft, smooth, and lightly scented.",https://livgpt.vercel.app/?merchant=fern-and-field&product=FAF-BATH-0094,Field & Co.,,FAF-BATH-0094,https://livgpt.vercel.app/mock-catalog/images/fern-and-field/bath-4.png,,,,new,Health & Beauty > Personal Care > Bath & Body,Beauty > Bath & Body,adult,,3 in,3 in,5 in,0.46 lb,FAF-BATH-GRP-002,Bath & Body,,,,unisex,in_stock,,,,180,25.77 USD,,,txcd_99999999,exclusive,,"US:ALL:Standard:3-5:0.00 USD,US:ALL:Expedited:1-2:9.99 USD",US:ALL:Standard:50.00 USD,
FAF-BATH-0095,Signature Body Wash,"The Signature Body Wash from Fern & Field, thoughtfully made, leaves skin soft, smooth, and lightly scented.",https://livgpt.vercel.app/?merchant=fern-and-field&product=FAF-BATH-0095,Fern & Field,,FAF-BATH-0095,https://livgpt.vercel.app/mock-catalog/images/fern-and-field/bath-5.png,,,,new,Health & Beauty > Personal Care > Bath & Body,Beauty > Bath & Body,adult,,3 in,3 in,5 in,0.45 lb,FAF-BATH-GRP-003,Bath & Body,,,,unisex,in_stock,,,,6,12.40 USD,10.30 USD,2026-07-01/2026-12-31,txcd_99999999,exclusive,,"US:ALL:Standard:3-5:0.00 USD,US:ALL:Expedited:1-2:9.99 USD",US:ALL:Standard:50.00 USD,
FAF-BATH-0096,Everyday Botanical Soap Bar,"The Everyday Botanical Soap Bar from Fern & Field, thoughtfully made, leaves skin soft, smooth, and lightly scented.",https://livgpt.vercel.app/?merchant=fern-and-field&product=FAF-BATH-0096,Fernwood,,FAF-BATH-0096,https://livgpt.vercel.app/mock-catalog/images/fern-and-field/bath-1.png,,,,new,Health & Beauty > Personal Care > Bath & Body,Beauty > Bath & Body,adult,,3 in,3 in,5 in,0.51 lb,FAF-BATH-GRP-003,Bath & Body,,,,unisex,in_stock,,,,22,52.20 USD,43.15 USD,2026-07-01/2026-12-31,txcd_99999999,exclusive,,"US:ALL:Standard:3-5:0.00 USD,US:ALL:Expedited:1-2:9.99 USD",US:ALL:Standard:50.00 USD,
FAF-BATH-0097,Everyday Bath Salts,"The Everyday Bath Salts from Fern & Field, thoughtfully made, leaves skin soft, smooth, and lightly scented.",https://livgpt.vercel.app/?merchant=fern-and-field&product=FAF-BATH-0097,Fern & Field,,FAF-BATH-0097,https://livgpt.vercel.app/mock-catalog/images/fern-and-field/bath-2.png,,,,new,Health & Beauty > Personal Care > Bath & Body,Beauty > Bath & Body,adult,,3 in,3 in,5 in,0.49 lb,FAF-BATH-GRP-004,Bath & Body,,,,unisex,in_stock,,,,195,18.86 USD,,,txcd_99999999,exclusive,,"US:ALL:Standard:3-5:0.00 USD,US:ALL:Expedited:1-2:9.99 USD",US:ALL:Standard:50.00 USD,
FAF-BATH-0098,Alpine Botanical Soap Bar,"The Alpine Botanical Soap Bar from Fern & Field, thoughtfully made, leaves skin soft, smooth, and lightly scented.",https://livgpt.vercel.app/?merchant=fern-and-field&product=FAF-BATH-0098,Fernwood,,FAF-BATH-0098,https://livgpt.vercel.app/mock-catalog/images/fern-and-field/bath-3.png,,,,new,Health & Beauty > Personal Care > Bath & Body,Beauty > Bath & Body,adult,,3 in,3 in,5 in,0.48 lb,FAF-BATH-GRP-004,Bath & Body,,,,unisex,in_stock,,,,21,35.10 USD,,,txcd_99999999,exclusive,,"US:ALL:Standard:3-5:0.00 USD,US:ALL:Expedited:1-2:9.99 USD",US:ALL:Standard:50.00 USD,
FAF-BATH-0099,Essential Body Wash,"The Essential Body Wash from Fern & Field, thoughtfully made, leaves skin soft, smooth, and lightly scented.",https://livgpt.vercel.app/?merchant=fern-and-field&product=FAF-BATH-0099,Fern & Field,,FAF-BATH-0099,https://livgpt.vercel.app/mock-catalog/images/fern-and-field/bath-4.png,,,,new,Health & Beauty > Personal Care > Bath & Body,Beauty > Bath & Body,adult,,3 in,3 in,5 in,0.52 lb,FAF-BATH-GRP-005,Bath & Body,,,,unisex,in_stock,,,,128,19.31 USD,15.75 USD,2026-07-01/2026-12-31,txcd_99999999,exclusive,,"US:ALL:Standard:3-5:0.00 USD,US:ALL:Expedited:1-2:9.99 USD",US:ALL:Standard:50.00 USD,
FAF-BATH-0100,Modern Body Wash,"The Modern Body Wash from Fern & Field, thoughtfully made, leaves skin soft, smooth, and lightly scented.",https://livgpt.vercel.app/?merchant=fern-and-field&product=FAF-BATH-0100,Fernwood,,FAF-BATH-0100,https://livgpt.vercel.app/mock-catalog/images/fern-and-field/bath-5.png,,,,new,Health & Beauty > Personal Care > Bath & Body,Beauty > Bath & Body,adult,,3 in,3 in,5 in,0.48 lb,FAF-BATH-GRP-005,Bath & Body,,,,unisex,in_stock,,,,129,46.73 USD,,,txcd_99999999,exclusive,,"US:ALL:Standard:3-5:0.00 USD,US:ALL:Expedited:1-2:9.99 USD",US:ALL:Standard:50.00 USD,
FAF-BATH-0101,Classic Whipped Body Butter,"The Classic Whipped Body Butter from Fern & Field, thoughtfully made, leaves skin soft, smooth, and lightly scented.",https://livgpt.vercel.app/?merchant=fern-and-field&product=FAF-BATH-0101,Field & Co.,,FAF-BATH-0101,https://livgpt.vercel.app/mock-catalog/images/fern-and-field/bath-1.png,,,,new,Health & Beauty > Personal Care > Bath & Body,Beauty > Bath & Body,adult,,3 in,3 in,5 in,0.55 lb,FAF-BATH-GRP-006,Bath & Body,,,,unisex,in_stock,,,,117,30.17 USD,,,txcd_99999999,exclusive,,"US:ALL:Standard:3-5:0.00 USD,US:ALL:Expedited:1-2:9.99 USD",US:ALL:Standard:50.00 USD,
FAF-BATH-0102,Essential Botanical Soap Bar,"The Essential Botanical Soap Bar from Fern & Field, thoughtfully made, leaves skin soft, smooth, and lightly scented.",https://livgpt.vercel.app/?merchant=fern-and-field&product=FAF-BATH-0102,Fernwood,,FAF-BATH-0102,https://livgpt.vercel.app/mock-catalog/images/fern-and-field/bath-2.png,,,,new,Health & Beauty > Personal Care > Bath & Body,Beauty > Bath & Body,adult,,3 in,3 in,5 in,0.55 lb,FAF-BATH-GRP-006,Bath & Body,,,,unisex,in_stock,,,,174,37.30 USD,,,txcd_99999999,exclusive,,"US:ALL:Standard:3-5:0.00 USD,US:ALL:Expedited:1-2:9.99 USD",US:ALL:Standard:50.00 USD,
FAF-BATH-0103,Heritage Body Wash,"The Heritage Body Wash from Fern & Field, thoughtfully made, leaves skin soft, smooth, and lightly scented.",https://livgpt.vercel.app/?merchant=fern-and-field&product=FAF-BATH-0103,Fernwood,,FAF-BATH-0103,https://livgpt.vercel.app/mock-catalog/images/fern-and-field/bath-3.png,,,,new,Health & Beauty > Personal Care > Bath & Body,Beauty > Bath & Body,adult,,3 in,3 in,5 in,0.49 lb,FAF-BATH-GRP-007,Bath & Body,,,,unisex,out_of_stock,,,,19,18.60 USD,14.62 USD,2026-07-01/2026-12-31,txcd_99999999,exclusive,,"US:ALL:Standard:3-5:0.00 USD,US:ALL:Expedited:1-2:9.99 USD",US:ALL:Standard:50.00 USD,
FAF-BATH-0104,Alpine Whipped Body Butter,"The Alpine Whipped Body Butter from Fern & Field, thoughtfully made, leaves skin soft, smooth, and lightly scented.",https://livgpt.vercel.app/?merchant=fern-and-field&product=FAF-BATH-0104,Fernwood,,FAF-BATH-0104,https://livgpt.vercel.app/mock-catalog/images/fern-and-field/bath-4.png,,,,new,Health & Beauty > Personal Care > Bath & Body,Beauty > Bath & Body,adult,,3 in,3 in,5 in,0.46 lb,FAF-BATH-GRP-007,Bath & Body,,,,unisex,in_stock,,,,198,41.30 USD,,,txcd_99999999,exclusive,,"US:ALL:Standard:3-5:0.00 USD,US:ALL:Expedited:1-2:9.99 USD",US:ALL:Standard:50.00 USD,
FAF-BATH-0105,Classic Botanical Soap Bar,"The Classic Botanical Soap Bar from Fern & Field, thoughtfully made, leaves skin soft, smooth, and lightly scented.",https://livgpt.vercel.app/?merchant=fern-and-field&product=FAF-BATH-0105,Field & Co.,,FAF-BATH-0105,https://livgpt.vercel.app/mock-catalog/images/fern-and-field/bath-5.png,,,,new,Health & Beauty > Personal Care > Bath & Body,Beauty > Bath & Body,adult,,3 in,3 in,5 in,0.53 lb,FAF-BATH-GRP-008,Bath & Body,,,,unisex,in_stock,,,,22,18.76 USD,,,txcd_99999999,exclusive,,"US:ALL:Standard:3-5:0.00 USD,US:ALL:Expedited:1-2:9.99 USD",US:ALL:Standard:50.00 USD,
FAF-STOR-0106,Terra Woven Basket,"The Terra Woven Basket from Fern & Field, crafted in bamboo, tidy, natural storage that looks good on the shelf.",https://livgpt.vercel.app/?merchant=fern-and-field&product=FAF-STOR-0106,Fernwood,,FAF-STOR-0106,https://livgpt.vercel.app/mock-catalog/images/fern-and-field/storage-1.png,,,,new,Home & Garden > Household Supplies > Storage & Organization,Home > Storage,adult,Bamboo,16 in,12 in,10 in,2.52 lb,FAF-STOR-GRP-001,Storage,,,,unisex,in_stock,,,,22,21.50 USD,,,txcd_99999999,exclusive,,"US:ALL:Standard:3-5:0.00 USD,US:ALL:Expedited:1-2:9.99 USD",US:ALL:Standard:50.00 USD,
FAF-STOR-0107,Minimalist Woven Basket,"The Minimalist Woven Basket from Fern & Field, crafted in bamboo, tidy, natural storage that looks good on the shelf.",https://livgpt.vercel.app/?merchant=fern-and-field&product=FAF-STOR-0107,Fern & Field,,FAF-STOR-0107,https://livgpt.vercel.app/mock-catalog/images/fern-and-field/storage-2.png,,,,new,Home & Garden > Household Supplies > Storage & Organization,Home > Storage,adult,Bamboo,16 in,12 in,10 in,2.6 lb,FAF-STOR-GRP-001,Storage,,,,unisex,in_stock,,,,185,56.47 USD,,,txcd_99999999,exclusive,,"US:ALL:Standard:3-5:0.00 USD,US:ALL:Expedited:1-2:9.99 USD",US:ALL:Standard:50.00 USD,
FAF-STOR-0108,Studio Seagrass Bin Set,"The Studio Seagrass Bin Set from Fern & Field, crafted in bamboo, tidy, natural storage that looks good on the shelf.",https://livgpt.vercel.app/?merchant=fern-and-field&product=FAF-STOR-0108,Fern & Field,,FAF-STOR-0108,https://livgpt.vercel.app/mock-catalog/images/fern-and-field/storage-3.png,,,,new,Home & Garden > Household Supplies > Storage & Organization,Home > Storage,adult,Bamboo,16 in,12 in,10 in,2.57 lb,FAF-STOR-GRP-002,Storage,,,,unisex,in_stock,,,,199,69.72 USD,55.97 USD,2026-07-01/2026-12-31,txcd_99999999,exclusive,,"US:ALL:Standard:3-5:0.00 USD,US:ALL:Expedited:1-2:9.99 USD",US:ALL:Standard:50.00 USD,
FAF-STOR-0109,Featherlight Glass Jar Set,"The Featherlight Glass Jar Set from Fern & Field, crafted in seagrass, tidy, natural storage that looks good on the shelf.",https://livgpt.vercel.app/?merchant=fern-and-field&product=FAF-STOR-0109,Fernwood,,FAF-STOR-0109,https://livgpt.vercel.app/mock-catalog/images/fern-and-field/storage-4.png,,,,new,Home & Garden > Household Supplies > Storage & Organization,Home > Storage,adult,Seagrass,16 in,12 in,10 in,2.65 lb,FAF-STOR-GRP-002,Storage,,,,unisex,in_stock,,,,63,30.52 USD,,,txcd_99999999,exclusive,,"US:ALL:Standard:3-5:0.00 USD,US:ALL:Expedited:1-2:9.99 USD",US:ALL:Standard:50.00 USD,
FAF-STOR-0110,Heritage Shelf Organizer,"The Heritage Shelf Organizer from Fern & Field, crafted in bamboo, tidy, natural storage that looks good on the shelf.",https://livgpt.vercel.app/?merchant=fern-and-field&product=FAF-STOR-0110,Field & Co.,,FAF-STOR-0110,https://livgpt.vercel.app/mock-catalog/images/fern-and-field/storage-5.png,,,,new,Home & Garden > Household Supplies > Storage & Organization,Home > Storage,adult,Bamboo,16 in,12 in,10 in,2.37 lb,FAF-STOR-GRP-003,Storage,,,,unisex,in_stock,,,,128,71.62 USD,,,txcd_99999999,exclusive,,"US:ALL:Standard:3-5:0.00 USD,US:ALL:Expedited:1-2:9.99 USD",US:ALL:Standard:50.00 USD,
FAF-STOR-0111,Modern Glass Jar Set,"The Modern Glass Jar Set from Fern & Field, crafted in seagrass, tidy, natural storage that looks good on the shelf.",https://livgpt.vercel.app/?merchant=fern-and-field&product=FAF-STOR-0111,Field & Co.,,FAF-STOR-0111,https://livgpt.vercel.app/mock-catalog/images/fern-and-field/storage-1.png,,,,new,Home & Garden > Household Supplies > Storage & Organization,Home > Storage,adult,Seagrass,16 in,12 in,10 in,2.57 lb,FAF-STOR-GRP-003,Storage,,,,unisex,in_stock,,,,34,29.95 USD,,,txcd_99999999,exclusive,,"US:ALL:Standard:3-5:0.00 USD,US:ALL:Expedited:1-2:9.99 USD",US:ALL:Standard:50.00 USD,
FAF-STOR-0112,Terra Glass Jar Set,"The Terra Glass Jar Set from Fern & Field, crafted in bamboo, tidy, natural storage that looks good on the shelf.",https://livgpt.vercel.app/?merchant=fern-and-field&product=FAF-STOR-0112,Fernwood,,FAF-STOR-0112,https://livgpt.vercel.app/mock-catalog/images/fern-and-field/storage-2.png,,,,new,Home & Garden > Household Supplies > Storage & Organization,Home > Storage,adult,Bamboo,16 in,12 in,10 in,2.6 lb,FAF-STOR-GRP-004,Storage,,,,unisex,out_of_stock,,,,88,25.77 USD,,,txcd_99999999,exclusive,,"US:ALL:Standard:3-5:0.00 USD,US:ALL:Expedited:1-2:9.99 USD",US:ALL:Standard:50.00 USD,
FAF-STOR-0113,Rugged Shelf Organizer,"The Rugged Shelf Organizer from Fern & Field, crafted in seagrass, tidy, natural storage that looks good on the shelf.",https://livgpt.vercel.app/?merchant=fern-and-field&product=FAF-STOR-0113,Fernwood,,FAF-STOR-0113,https://livgpt.vercel.app/mock-catalog/images/fern-and-field/storage-3.png,,,,new,Home & Garden > Household Supplies > Storage & Organization,Home > Storage,adult,Seagrass,16 in,12 in,10 in,2.83 lb,FAF-STOR-GRP-004,Storage,,,,unisex,in_stock,,,,58,17.17 USD,,,txcd_99999999,exclusive,,"US:ALL:Standard:3-5:0.00 USD,US:ALL:Expedited:1-2:9.99 USD",US:ALL:Standard:50.00 USD,
FAF-STOR-0114,Aero Glass Jar Set,"The Aero Glass Jar Set from Fern & Field, crafted in bamboo, tidy, natural storage that looks good on the shelf.",https://livgpt.vercel.app/?merchant=fern-and-field&product=FAF-STOR-0114,Fern & Field,,FAF-STOR-0114,https://livgpt.vercel.app/mock-catalog/images/fern-and-field/storage-4.png,,,,new,Home & Garden > Household Supplies > Storage & Organization,Home > Storage,adult,Bamboo,16 in,12 in,10 in,2.34 lb,FAF-STOR-GRP-005,Storage,,,,unisex,in_stock,,,,227,29.44 USD,23.84 USD,2026-07-01/2026-12-31,txcd_99999999,exclusive,,"US:ALL:Standard:3-5:0.00 USD,US:ALL:Expedited:1-2:9.99 USD",US:ALL:Standard:50.00 USD,
FAF-STOR-0115,Essential Woven Basket,"The Essential Woven Basket from Fern & Field, crafted in bamboo, tidy, natural storage that looks good on the shelf.",https://livgpt.vercel.app/?merchant=fern-and-field&product=FAF-STOR-0115,Fern & Field,,FAF-STOR-0115,https://livgpt.vercel.app/mock-catalog/images/fern-and-field/storage-5.png,,,,new,Home & Garden > Household Supplies > Storage & Organization,Home > Storage,adult,Bamboo,16 in,12 in,10 in,2.52 lb,FAF-STOR-GRP-005,Storage,,,,unisex,in_stock,,,,134,27.34 USD,,,txcd_99999999,exclusive,,"US:ALL:Standard:3-5:0.00 USD,US:ALL:Expedited:1-2:9.99 USD",US:ALL:Standard:50.00 USD,
FAF-STOR-0116,Premium Seagrass Bin Set,"The Premium Seagrass Bin Set from Fern & Field, crafted in seagrass, tidy, natural storage that looks good on the shelf.",https://livgpt.vercel.app/?merchant=fern-and-field&product=FAF-STOR-0116,Fern & Field,,FAF-STOR-0116,https://livgpt.vercel.app/mock-catalog/images/fern-and-field/storage-1.png,,,,new,Home & Garden > Household Supplies > Storage & Organization,Home > Storage,adult,Seagrass,16 in,12 in,10 in,2.39 lb,FAF-STOR-GRP-006,Storage,,,,unisex,in_stock,,,,51,69.53 USD,,,txcd_99999999,exclusive,,"US:ALL:Standard:3-5:0.00 USD,US:ALL:Expedited:1-2:9.99 USD",US:ALL:Standard:50.00 USD,
FAF-STOR-0117,Minimalist Glass Jar Set,"The Minimalist Glass Jar Set from Fern & Field, crafted in seagrass, tidy, natural storage that looks good on the shelf.",https://livgpt.vercel.app/?merchant=fern-and-field&product=FAF-STOR-0117,Fernwood,,FAF-STOR-0117,https://livgpt.vercel.app/mock-catalog/images/fern-and-field/storage-2.png,,,,new,Home & Garden > Household Supplies > Storage & Organization,Home > Storage,adult,Seagrass,16 in,12 in,10 in,2.86 lb,FAF-STOR-GRP-006,Storage,,,,unisex,in_stock,,,,22,53.67 USD,,,txcd_99999999,exclusive,,"US:ALL:Standard:3-5:0.00 USD,US:ALL:Expedited:1-2:9.99 USD",US:ALL:Standard:50.00 USD,
FAF-STOR-0118,Signature Shelf Organizer,"The Signature Shelf Organizer from Fern & Field, crafted in seagrass, tidy, natural storage that looks good on the shelf.",https://livgpt.vercel.app/?merchant=fern-and-field&product=FAF-STOR-0118,Fernwood,,FAF-STOR-0118,https://livgpt.vercel.app/mock-catalog/images/fern-and-field/storage-3.png,,,,new,Home & Garden > Household Supplies > Storage & Organization,Home > Storage,adult,Seagrass,16 in,12 in,10 in,2.63 lb,FAF-STOR-GRP-007,Storage,,,,unisex,in_stock,,,,197,30.60 USD,25.51 USD,2026-07-01/2026-12-31,txcd_99999999,exclusive,,"US:ALL:Standard:3-5:0.00 USD,US:ALL:Expedited:1-2:9.99 USD",US:ALL:Standard:50.00 USD,
FAF-STOR-0119,Nova Shelf Organizer,"The Nova Shelf Organizer from Fern & Field, crafted in seagrass, tidy, natural storage that looks good on the shelf.",https://livgpt.vercel.app/?merchant=fern-and-field&product=FAF-STOR-0119,Fern & Field,,FAF-STOR-0119,https://livgpt.vercel.app/mock-catalog/images/fern-and-field/storage-4.png,,,,new,Home & Garden > Household Supplies > Storage & Organization,Home > Storage,adult,Seagrass,16 in,12 in,10 in,2.63 lb,FAF-STOR-GRP-007,Storage,,,,unisex,in_stock,,,,208,24.49 USD,,,txcd_99999999,exclusive,,"US:ALL:Standard:3-5:0.00 USD,US:ALL:Expedited:1-2:9.99 USD",US:ALL:Standard:50.00 USD,
FAF-STOR-0120,Classic Shelf Organizer,"The Classic Shelf Organizer from Fern & Field, crafted in seagrass, tidy, natural storage that looks good on the shelf.",https://livgpt.vercel.app/?merchant=fern-and-field&product=FAF-STOR-0120,Field & Co.,,FAF-STOR-0120,https://livgpt.vercel.app/mock-catalog/images/fern-and-field/storage-5.png,,,,new,Home & Garden > Household Supplies > Storage & Organization,Home > Storage,adult,Seagrass,16 in,12 in,10 in,2.76 lb,FAF-STOR-GRP-008,Storage,,,,unisex,in_stock,,,,181,20.09 USD,,,txcd_99999999,exclusive,,"US:ALL:Standard:3-5:0.00 USD,US:ALL:Expedited:1-2:9.99 USD",US:ALL:Standard:50.00 USD,
FAF-LOUN-0121,Classic Organic Robe,"The Classic Organic Robe from Fern & Field, crafted in organic cotton, the softest way to unwind at home.",https://livgpt.vercel.app/?merchant=fern-and-field&product=FAF-LOUN-0121,Fern & Field,,FAF-LOUN-0121,https://livgpt.vercel.app/mock-catalog/images/fern-and-field/loungewear-1.png,,,,new,Apparel & Accessories > Clothing > Sleepwear & Loungewear,Apparel > Loungewear,adult,Organic Cotton,12 in,10 in,2 in,1.02 lb,FAF-LOUN-GRP-001,Loungewear,,S,US,unisex,in_stock,,,,159,79.12 USD,,,txcd_99999999,exclusive,,"US:ALL:Standard:3-5:0.00 USD,US:ALL:Expedited:1-2:9.99 USD",US:ALL:Standard:50.00 USD,
FAF-LOUN-0122,Signature Waffle Set,"The Signature Waffle Set from Fern & Field, crafted in waffle knit, the softest way to unwind at home.",https://livgpt.vercel.app/?merchant=fern-and-field&product=FAF-LOUN-0122,Fern & Field,,FAF-LOUN-0122,https://livgpt.vercel.app/mock-catalog/images/fern-and-field/loungewear-2.png,,,,new,Apparel & Accessories > Clothing > Sleepwear & Loungewear,Apparel > Loungewear,adult,Waffle Knit,12 in,10 in,2 in,1.2 lb,FAF-LOUN-GRP-001,Loungewear,,S,US,unisex,in_stock,,,,84,81.05 USD,,,txcd_99999999,exclusive,,"US:ALL:Standard:3-5:0.00 USD,US:ALL:Expedited:1-2:9.99 USD",US:ALL:Standard:50.00 USD,
FAF-LOUN-0123,Coastal Knit Cardigan,"The Coastal Knit Cardigan from Fern & Field, crafted in organic cotton, the softest way to unwind at home.",https://livgpt.vercel.app/?merchant=fern-and-field&product=FAF-LOUN-0123,Field & Co.,,FAF-LOUN-0123,https://livgpt.vercel.app/mock-catalog/images/fern-and-field/loungewear-3.png,,,,new,Apparel & Accessories > Clothing > Sleepwear & Loungewear,Apparel > Loungewear,adult,Organic Cotton,12 in,10 in,2 in,1.13 lb,FAF-LOUN-GRP-002,Loungewear,,XXL,US,unisex,in_stock,,,,222,82.60 USD,,,txcd_99999999,exclusive,,"US:ALL:Standard:3-5:0.00 USD,US:ALL:Expedited:1-2:9.99 USD",US:ALL:Standard:50.00 USD,
FAF-LOUN-0124,Coastal Organic Robe,"The Coastal Organic Robe from Fern & Field, crafted in waffle knit, the softest way to unwind at home.",https://livgpt.vercel.app/?merchant=fern-and-field&product=FAF-LOUN-0124,Field & Co.,,FAF-LOUN-0124,https://livgpt.vercel.app/mock-catalog/images/fern-and-field/loungewear-4.png,,,,new,Apparel & Accessories > Clothing > Sleepwear & Loungewear,Apparel > Loungewear,adult,Waffle Knit,12 in,10 in,2 in,1.03 lb,FAF-LOUN-GRP-002,Loungewear,,S,US,unisex,in_stock,,,,111,33.56 USD,,,txcd_99999999,exclusive,,"US:ALL:Standard:3-5:0.00 USD,US:ALL:Expedited:1-2:9.99 USD",US:ALL:Standard:50.00 USD,
FAF-LOUN-0125,Essential Organic Robe,"The Essential Organic Robe from Fern & Field, crafted in waffle knit, the softest way to unwind at home.",https://livgpt.vercel.app/?merchant=fern-and-field&product=FAF-LOUN-0125,Fernwood,,FAF-LOUN-0125,https://livgpt.vercel.app/mock-catalog/images/fern-and-field/loungewear-5.png,,,,new,Apparel & Accessories > Clothing > Sleepwear & Loungewear,Apparel > Loungewear,adult,Waffle Knit,12 in,10 in,2 in,1.02 lb,FAF-LOUN-GRP-003,Loungewear,,XS,US,unisex,in_stock,,,,81,91.30 USD,,,txcd_99999999,exclusive,,"US:ALL:Standard:3-5:0.00 USD,US:ALL:Expedited:1-2:9.99 USD",US:ALL:Standard:50.00 USD,
FAF-LOUN-0126,Studio Organic Robe,"The Studio Organic Robe from Fern & Field, crafted in waffle knit, the softest way to unwind at home.",https://livgpt.vercel.app/?merchant=fern-and-field&product=FAF-LOUN-0126,Field & Co.,,FAF-LOUN-0126,https://livgpt.vercel.app/mock-catalog/images/fern-and-field/loungewear-1.png,,,,new,Apparel & Accessories > Clothing > Sleepwear & Loungewear,Apparel > Loungewear,adult,Waffle Knit,12 in,10 in,2 in,1.0 lb,FAF-LOUN-GRP-003,Loungewear,,XS,US,unisex,in_stock,,,,124,62.82 USD,,,txcd_99999999,exclusive,,"US:ALL:Standard:3-5:0.00 USD,US:ALL:Expedited:1-2:9.99 USD",US:ALL:Standard:50.00 USD,
FAF-LOUN-0127,Featherlight Organic Robe,"The Featherlight Organic Robe from Fern & Field, crafted in waffle knit, the softest way to unwind at home.",https://livgpt.vercel.app/?merchant=fern-and-field&product=FAF-LOUN-0127,Field & Co.,,FAF-LOUN-0127,https://livgpt.vercel.app/mock-catalog/images/fern-and-field/loungewear-2.png,,,,new,Apparel & Accessories > Clothing > Sleepwear & Loungewear,Apparel > Loungewear,adult,Waffle Knit,12 in,10 in,2 in,1.05 lb,FAF-LOUN-GRP-004,Loungewear,,XL,US,unisex,in_stock,,,,180,61.12 USD,,,txcd_99999999,exclusive,,"US:ALL:Standard:3-5:0.00 USD,US:ALL:Expedited:1-2:9.99 USD",US:ALL:Standard:50.00 USD,
FAF-LOUN-0128,Coastal Waffle Set,"The Coastal Waffle Set from Fern & Field, crafted in organic cotton, the softest way to unwind at home.",https://livgpt.vercel.app/?merchant=fern-and-field&product=FAF-LOUN-0128,Field & Co.,,FAF-LOUN-0128,https://livgpt.vercel.app/mock-catalog/images/fern-and-field/loungewear-3.png,,,,new,Apparel & Accessories > Clothing > Sleepwear & Loungewear,Apparel > Loungewear,adult,Organic Cotton,12 in,10 in,2 in,1.13 lb,FAF-LOUN-GRP-004,Loungewear,,XL,US,unisex,in_stock,,,,45,71.07 USD,,,txcd_99999999,exclusive,,"US:ALL:Standard:3-5:0.00 USD,US:ALL:Expedited:1-2:9.99 USD",US:ALL:Standard:50.00 USD,
FAF-LOUN-0129,Modern Knit Cardigan,"The Modern Knit Cardigan from Fern & Field, crafted in organic cotton, the softest way to unwind at home.",https://livgpt.vercel.app/?merchant=fern-and-field&product=FAF-LOUN-0129,Field & Co.,,FAF-LOUN-0129,https://livgpt.vercel.app/mock-catalog/images/fern-and-field/loungewear-4.png,,,,new,Apparel & Accessories > Clothing > Sleepwear & Loungewear,Apparel > Loungewear,adult,Organic Cotton,12 in,10 in,2 in,1.11 lb,FAF-LOUN-GRP-005,Loungewear,,M,US,unisex,in_stock,,,,56,93.90 USD,,,txcd_99999999,exclusive,,"US:ALL:Standard:3-5:0.00 USD,US:ALL:Expedited:1-2:9.99 USD",US:ALL:Standard:50.00 USD,
FAF-LOUN-0130,Nova Organic Robe,"The Nova Organic Robe from Fern & Field, crafted in waffle knit, the softest way to unwind at home.",https://livgpt.vercel.app/?merchant=fern-and-field&product=FAF-LOUN-0130,Field & Co.,,FAF-LOUN-0130,https://livgpt.vercel.app/mock-catalog/images/fern-and-field/loungewear-5.png,,,,new,Apparel & Accessories > Clothing > Sleepwear & Loungewear,Apparel > Loungewear,adult,Waffle Knit,12 in,10 in,2 in,1.08 lb,FAF-LOUN-GRP-005,Loungewear,,XS,US,unisex,in_stock,,,,156,82.78 USD,,,txcd_99999999,exclusive,,"US:ALL:Standard:3-5:0.00 USD,US:ALL:Expedited:1-2:9.99 USD",US:ALL:Standard:50.00 USD,
FAF-LOUN-0131,Premium Organic Robe,"The Premium Organic Robe from Fern & Field, crafted in organic cotton, the softest way to unwind at home.",https://livgpt.vercel.app/?merchant=fern-and-field&product=FAF-LOUN-0131,Fernwood,,FAF-LOUN-0131,https://livgpt.vercel.app/mock-catalog/images/fern-and-field/loungewear-1.png,,,,new,Apparel & Accessories > Clothing > Sleepwear & Loungewear,Apparel > Loungewear,adult,Organic Cotton,12 in,10 in,2 in,1.14 lb,FAF-LOUN-GRP-006,Loungewear,,XL,US,unisex,in_stock,,,,95,52.22 USD,40.27 USD,2026-07-01/2026-12-31,txcd_99999999,exclusive,,"US:ALL:Standard:3-5:0.00 USD,US:ALL:Expedited:1-2:9.99 USD",US:ALL:Standard:50.00 USD,
FAF-LOUN-0132,Trail Knit Cardigan,"The Trail Knit Cardigan from Fern & Field, crafted in organic cotton, the softest way to unwind at home.",https://livgpt.vercel.app/?merchant=fern-and-field&product=FAF-LOUN-0132,Fern & Field,,FAF-LOUN-0132,https://livgpt.vercel.app/mock-catalog/images/fern-and-field/loungewear-2.png,,,,new,Apparel & Accessories > Clothing > Sleepwear & Loungewear,Apparel > Loungewear,adult,Organic Cotton,12 in,10 in,2 in,1.03 lb,FAF-LOUN-GRP-006,Loungewear,,XXL,US,unisex,in_stock,,,,212,80.01 USD,,,txcd_99999999,exclusive,,"US:ALL:Standard:3-5:0.00 USD,US:ALL:Expedited:1-2:9.99 USD",US:ALL:Standard:50.00 USD,
FAF-LOUN-0133,Urban Organic Robe,"The Urban Organic Robe from Fern & Field, crafted in waffle knit, the softest way to unwind at home.",https://livgpt.vercel.app/?merchant=fern-and-field&product=FAF-LOUN-0133,Field & Co.,,FAF-LOUN-0133,https://livgpt.vercel.app/mock-catalog/images/fern-and-field/loungewear-3.png,,,,new,Apparel & Accessories > Clothing > Sleepwear & Loungewear,Apparel > Loungewear,adult,Waffle Knit,12 in,10 in,2 in,1.12 lb,FAF-LOUN-GRP-007,Loungewear,,S,US,unisex,in_stock,,,,199,72.56 USD,,,txcd_99999999,exclusive,,"US:ALL:Standard:3-5:0.00 USD,US:ALL:Expedited:1-2:9.99 USD",US:ALL:Standard:50.00 USD,
FAF-LOUN-0134,Everyday Waffle Set,"The Everyday Waffle Set from Fern & Field, crafted in organic cotton, the softest way to unwind at home.",https://livgpt.vercel.app/?merchant=fern-and-field&product=FAF-LOUN-0134,Fernwood,,FAF-LOUN-0134,https://livgpt.vercel.app/mock-catalog/images/fern-and-field/loungewear-4.png,,,,new,Apparel & Accessories > Clothing > Sleepwear & Loungewear,Apparel > Loungewear,adult,Organic Cotton,12 in,10 in,2 in,1.02 lb,FAF-LOUN-GRP-007,Loungewear,,XS,US,unisex,in_stock,,,,27,52.69 USD,,,txcd_99999999,exclusive,,"US:ALL:Standard:3-5:0.00 USD,US:ALL:Expedited:1-2:9.99 USD",US:ALL:Standard:50.00 USD,
FAF-LOUN-0135,Alpine Knit Cardigan,"The Alpine Knit Cardigan from Fern & Field, crafted in organic cotton, the softest way to unwind at home.",https://livgpt.vercel.app/?merchant=fern-and-field&product=FAF-LOUN-0135,Fern & Field,,FAF-LOUN-0135,https://livgpt.vercel.app/mock-catalog/images/fern-and-field/loungewear-5.png,,,,new,Apparel & Accessories > Clothing > Sleepwear & Loungewear,Apparel > Loungewear,adult,Organic Cotton,12 in,10 in,2 in,1.01 lb,FAF-LOUN-GRP-008,Loungewear,,L,US,unisex,in_stock,,,,52,73.38 USD,,,txcd_99999999,exclusive,,"US:ALL:Standard:3-5:0.00 USD,US:ALL:Expedited:1-2:9.99 USD",US:ALL:Standard:50.00 USD,
FAF-SUPP-0136,Urban Magnesium Drink Mix,"The Urban Magnesium Drink Mix from Fern & Field, thoughtfully made, supports glow from the inside out.",https://livgpt.vercel.app/?merchant=fern-and-field&product=FAF-SUPP-0136,Fern & Field,,FAF-SUPP-0136,https://livgpt.vercel.app/mock-catalog/images/fern-and-field/supplements-1.png,,,,new,Health & Beauty > Health Care > Vitamins & Supplements,Wellness > Supplements,adult,,3 in,3 in,5 in,0.52 lb,FAF-SUPP-GRP-001,Supplements,,,,unisex,out_of_stock,,,,243,40.20 USD,32.17 USD,2026-07-01/2026-12-31,txcd_99999999,exclusive,,"US:ALL:Standard:3-5:0.00 USD,US:ALL:Expedited:1-2:9.99 USD",US:ALL:Standard:50.00 USD,
FAF-SUPP-0137,Everyday Greens Powder,"The Everyday Greens Powder from Fern & Field, thoughtfully made, supports glow from the inside out.",https://livgpt.vercel.app/?merchant=fern-and-field&product=FAF-SUPP-0137,Fern & Field,,FAF-SUPP-0137,https://livgpt.vercel.app/mock-catalog/images/fern-and-field/supplements-2.png,,,,new,Health & Beauty > Health Care > Vitamins & Supplements,Wellness > Supplements,adult,,3 in,3 in,5 in,0.48 lb,FAF-SUPP-GRP-001,Supplements,,,,unisex,in_stock,,,,119,24.44 USD,,,txcd_99999999,exclusive,,"US:ALL:Standard:3-5:0.00 USD,US:ALL:Expedited:1-2:9.99 USD",US:ALL:Standard:50.00 USD,
FAF-SUPP-0138,Urban Calming Tea,"The Urban Calming Tea from Fern & Field, thoughtfully made, supports glow from the inside out.",https://livgpt.vercel.app/?merchant=fern-and-field&product=FAF-SUPP-0138,Fernwood,,FAF-SUPP-0138,https://livgpt.vercel.app/mock-catalog/images/fern-and-field/supplements-3.png,,,,new,Health & Beauty > Health Care > Vitamins & Supplements,Wellness > Supplements,adult,,3 in,3 in,5 in,0.47 lb,FAF-SUPP-GRP-002,Supplements,,,,unisex,in_stock,,,,206,58.03 USD,,,txcd_99999999,exclusive,,"US:ALL:Standard:3-5:0.00 USD,US:ALL:Expedited:1-2:9.99 USD",US:ALL:Standard:50.00 USD,
FAF-SUPP-0139,Coastal Adaptogen Blend,"The Coastal Adaptogen Blend from Fern & Field, thoughtfully made, supports glow from the inside out.",https://livgpt.vercel.app/?merchant=fern-and-field&product=FAF-SUPP-0139,Fern & Field,,FAF-SUPP-0139,https://livgpt.vercel.app/mock-catalog/images/fern-and-field/supplements-4.png,,,,new,Health & Beauty > Health Care > Vitamins & Supplements,Wellness > Supplements,adult,,3 in,3 in,5 in,0.55 lb,FAF-SUPP-GRP-002,Supplements,,,,unisex,in_stock,,,,199,17.50 USD,,,txcd_99999999,exclusive,,"US:ALL:Standard:3-5:0.00 USD,US:ALL:Expedited:1-2:9.99 USD",US:ALL:Standard:50.00 USD,
FAF-SUPP-0140,Heritage Adaptogen Blend,"The Heritage Adaptogen Blend from Fern & Field, thoughtfully made, supports glow from the inside out.",https://livgpt.vercel.app/?merchant=fern-and-field&product=FAF-SUPP-0140,Field & Co.,,FAF-SUPP-0140,https://livgpt.vercel.app/mock-catalog/images/fern-and-field/supplements-5.png,,,,new,Health & Beauty > Health Care > Vitamins & Supplements,Wellness > Supplements,adult,,3 in,3 in,5 in,0.52 lb,FAF-SUPP-GRP-003,Supplements,,,,unisex,out_of_stock,,,,96,47.58 USD,41.54 USD,2026-07-01/2026-12-31,txcd_99999999,exclusive,,"US:ALL:Standard:3-5:0.00 USD,US:ALL:Expedited:1-2:9.99 USD",US:ALL:Standard:50.00 USD,
FAF-SUPP-0141,Classic Adaptogen Blend,"The Classic Adaptogen Blend from Fern & Field, thoughtfully made, supports glow from the inside out.",https://livgpt.vercel.app/?merchant=fern-and-field&product=FAF-SUPP-0141,Fern & Field,,FAF-SUPP-0141,https://livgpt.vercel.app/mock-catalog/images/fern-and-field/supplements-1.png,,,,new,Health & Beauty > Health Care > Vitamins & Supplements,Wellness > Supplements,adult,,3 in,3 in,5 in,0.54 lb,FAF-SUPP-GRP-003,Supplements,,,,unisex,in_stock,,,,3,20.89 USD,,,txcd_99999999,exclusive,,"US:ALL:Standard:3-5:0.00 USD,US:ALL:Expedited:1-2:9.99 USD",US:ALL:Standard:50.00 USD,
FAF-SUPP-0142,Featherlight Calming Tea,"The Featherlight Calming Tea from Fern & Field, thoughtfully made, supports glow from the inside out.",https://livgpt.vercel.app/?merchant=fern-and-field&product=FAF-SUPP-0142,Field & Co.,,FAF-SUPP-0142,https://livgpt.vercel.app/mock-catalog/images/fern-and-field/supplements-2.png,,,,new,Health & Beauty > Health Care > Vitamins & Supplements,Wellness > Supplements,adult,,3 in,3 in,5 in,0.52 lb,FAF-SUPP-GRP-004,Supplements,,,,unisex,in_stock,,,,32,56.58 USD,,,txcd_99999999,exclusive,,"US:ALL:Standard:3-5:0.00 USD,US:ALL:Expedited:1-2:9.99 USD",US:ALL:Standard:50.00 USD,
FAF-SUPP-0143,Nova Adaptogen Blend,"The Nova Adaptogen Blend from Fern & Field, thoughtfully made, supports glow from the inside out.",https://livgpt.vercel.app/?merchant=fern-and-field&product=FAF-SUPP-0143,Field & Co.,,FAF-SUPP-0143,https://livgpt.vercel.app/mock-catalog/images/fern-and-field/supplements-3.png,,,,new,Health & Beauty > Health Care > Vitamins & Supplements,Wellness > Supplements,adult,,3 in,3 in,5 in,0.47 lb,FAF-SUPP-GRP-004,Supplements,,,,unisex,in_stock,,,,24,35.96 USD,,,txcd_99999999,exclusive,,"US:ALL:Standard:3-5:0.00 USD,US:ALL:Expedited:1-2:9.99 USD",US:ALL:Standard:50.00 USD,
FAF-SUPP-0144,Signature Calming Tea,"The Signature Calming Tea from Fern & Field, thoughtfully made, supports glow from the inside out.",https://livgpt.vercel.app/?merchant=fern-and-field&product=FAF-SUPP-0144,Fernwood,,FAF-SUPP-0144,https://livgpt.vercel.app/mock-catalog/images/fern-and-field/supplements-4.png,,,,new,Health & Beauty > Health Care > Vitamins & Supplements,Wellness > Supplements,adult,,3 in,3 in,5 in,0.51 lb,FAF-SUPP-GRP-005,Supplements,,,,unisex,in_stock,,,,10,55.18 USD,,,txcd_99999999,exclusive,,"US:ALL:Standard:3-5:0.00 USD,US:ALL:Expedited:1-2:9.99 USD",US:ALL:Standard:50.00 USD,
FAF-SUPP-0145,Classic Magnesium Drink Mix,"The Classic Magnesium Drink Mix from Fern & Field, thoughtfully made, supports glow from the inside out.",https://livgpt.vercel.app/?merchant=fern-and-field&product=FAF-SUPP-0145,Fern & Field,,FAF-SUPP-0145,https://livgpt.vercel.app/mock-catalog/images/fern-and-field/supplements-5.png,,,,new,Health & Beauty > Health Care > Vitamins & Supplements,Wellness > Supplements,adult,,3 in,3 in,5 in,0.48 lb,FAF-SUPP-GRP-005,Supplements,,,,unisex,in_stock,,,,206,27.80 USD,,,txcd_99999999,exclusive,,"US:ALL:Standard:3-5:0.00 USD,US:ALL:Expedited:1-2:9.99 USD",US:ALL:Standard:50.00 USD,
FAF-SUPP-0146,Coastal Greens Powder,"The Coastal Greens Powder from Fern & Field, thoughtfully made, supports glow from the inside out.",https://livgpt.vercel.app/?merchant=fern-and-field&product=FAF-SUPP-0146,Fernwood,,FAF-SUPP-0146,https://livgpt.vercel.app/mock-catalog/images/fern-and-field/supplements-1.png,,,,new,Health & Beauty > Health Care > Vitamins & Supplements,Wellness > Supplements,adult,,3 in,3 in,5 in,0.45 lb,FAF-SUPP-GRP-006,Supplements,,,,unisex,in_stock,,,,89,45.75 USD,37.23 USD,2026-07-01/2026-12-31,txcd_99999999,exclusive,,"US:ALL:Standard:3-5:0.00 USD,US:ALL:Expedited:1-2:9.99 USD",US:ALL:Standard:50.00 USD,
FAF-SUPP-0147,Alpine Magnesium Drink Mix,"The Alpine Magnesium Drink Mix from Fern & Field, thoughtfully made, supports glow from the inside out.",https://livgpt.vercel.app/?merchant=fern-and-field&product=FAF-SUPP-0147,Fern & Field,,FAF-SUPP-0147,https://livgpt.vercel.app/mock-catalog/images/fern-and-field/supplements-2.png,,,,new,Health & Beauty > Health Care > Vitamins & Supplements,Wellness > Supplements,adult,,3 in,3 in,5 in,0.51 lb,FAF-SUPP-GRP-006,Supplements,,,,unisex,in_stock,,,,162,63.48 USD,,,txcd_99999999,exclusive,,"US:ALL:Standard:3-5:0.00 USD,US:ALL:Expedited:1-2:9.99 USD",US:ALL:Standard:50.00 USD,
FAF-SUPP-0148,Heritage Magnesium Drink Mix,"The Heritage Magnesium Drink Mix from Fern & Field, thoughtfully made, supports glow from the inside out.",https://livgpt.vercel.app/?merchant=fern-and-field&product=FAF-SUPP-0148,Fernwood,,FAF-SUPP-0148,https://livgpt.vercel.app/mock-catalog/images/fern-and-field/supplements-3.png,,,,new,Health & Beauty > Health Care > Vitamins & Supplements,Wellness > Supplements,adult,,3 in,3 in,5 in,0.46 lb,FAF-SUPP-GRP-007,Supplements,,,,unisex,in_stock,,,,158,50.05 USD,43.21 USD,2026-07-01/2026-12-31,txcd_99999999,exclusive,,"US:ALL:Standard:3-5:0.00 USD,US:ALL:Expedited:1-2:9.99 USD",US:ALL:Standard:50.00 USD,
FAF-SUPP-0149,Everyday Magnesium Drink Mix,"The Everyday Magnesium Drink Mix from Fern & Field, thoughtfully made, supports glow from the inside out.",https://livgpt.vercel.app/?merchant=fern-and-field&product=FAF-SUPP-0149,Field & Co.,,FAF-SUPP-0149,https://livgpt.vercel.app/mock-catalog/images/fern-and-field/supplements-4.png,,,,new,Health & Beauty > Health Care > Vitamins & Supplements,Wellness > Supplements,adult,,3 in,3 in,5 in,0.47 lb,FAF-SUPP-GRP-007,Supplements,,,,unisex,out_of_stock,,,,153,56.66 USD,,,txcd_99999999,exclusive,,"US:ALL:Standard:3-5:0.00 USD,US:ALL:Expedited:1-2:9.99 USD",US:ALL:Standard:50.00 USD,
FAF-SUPP-0150,Classic Calming Tea,"The Classic Calming Tea from Fern & Field, thoughtfully made, supports glow from the inside out.",https://livgpt.vercel.app/?merchant=fern-and-field&product=FAF-SUPP-0150,Field & Co.,,FAF-SUPP-0150,https://livgpt.vercel.app/mock-catalog/images/fern-and-field/supplements-5.png,,,,new,Health & Beauty > Health Care > Vitamins & Supplements,Wellness > Supplements,adult,,3 in,3 in,5 in,0.48 lb,FAF-SUPP-GRP-008,Supplements,,,,unisex,in_stock,,,,205,39.28 USD,,,txcd_99999999,exclusive,,"US:ALL:Standard:3-5:0.00 USD,US:ALL:Expedited:1-2:9.99 USD",US:ALL:Standard:50.00 USD,
