id,title,description,link,image_link,additional_image_link,availability,price,sale_price,brand,gtin,mpn,condition,google_product_category,product_type,item_group_id,color,size,material,quantity
MT-CARR-0001,Nova Underseat Bag,"The Nova Underseat Bag from Meridian Travel Co., crafted in polycarbonate, cabin-sized, durable, and built for frequent flyers.",https://meridian-travel.example.com/products/mt-carr-0001,/mock-catalog/images/meridian-travel/carryons-1.png,,in_stock,305.77 USD,,Meridian Carry,,MT-CARR-0001,new,Luggage & Bags > Suitcases,Luggage > Carry-On,MT-CARR-GRP-001,,,Polycarbonate,214
MT-CARR-0002,Nova Softside Carry-On,"The Nova Softside Carry-On from Meridian Travel Co., crafted in polycarbonate, cabin-sized, durable, and built for frequent flyers.",https://meridian-travel.example.com/products/mt-carr-0002,/mock-catalog/images/meridian-travel/carryons-2.png,,in_stock,146.22 USD,124.82 USD,Meridian,,MT-CARR-0002,new,Luggage & Bags > Suitcases,Luggage > Carry-On,MT-CARR-GRP-001,,,Polycarbonate,238
MT-CARR-0003,Modern Underseat Bag,"The Modern Underseat Bag from Meridian Travel Co., crafted in ballistic nylon, cabin-sized, durable, and built for frequent flyers.",https://meridian-travel.example.com/products/mt-carr-0003,/mock-catalog/images/meridian-travel/carryons-3.png,,in_stock,183.34 USD,141.22 USD,Meridian Carry,,MT-CARR-0003,new,Luggage & Bags > Suitcases,Luggage > Carry-On,MT-CARR-GRP-002,,,Ballistic Nylon,24
MT-CARR-0004,Classic Softside Carry-On,"The Classic Softside Carry-On from Meridian Travel Co., crafted in polycarbonate, cabin-sized, durable, and built for frequent flyers.",https://meridian-travel.example.com/products/mt-carr-0004,/mock-catalog/images/meridian-travel/carryons-4.png,,in_stock,182.93 USD,138.12 USD,Meridian Journey,,MT-CARR-0004,new,Luggage & Bags > Suitcases,Luggage > Carry-On,MT-CARR-GRP-002,,,Polycarbonate,62
MT-CARR-0005,Heritage Softside Carry-On,"The Heritage Softside Carry-On from Meridian Travel Co., crafted in polycarbonate, cabin-sized, durable, and built for frequent flyers.",https://meridian-travel.example.com/products/mt-carr-0005,/mock-catalog/images/meridian-travel/carryons-5.png,,in_stock,159.46 USD,,Meridian Journey,,MT-CARR-0005,new,Luggage & Bags > Suitcases,Luggage > Carry-On,MT-CARR-GRP-003,,,Polycarbonate,86
MT-CARR-0006,Premium Softside Carry-On,"The Premium Softside Carry-On from Meridian Travel Co., crafted in polycarbonate, cabin-sized, durable, and built for frequent flyers.",https://meridian-travel.example.com/products/mt-carr-0006,/mock-catalog/images/meridian-travel/carryons-1.png,,in_stock,195.09 USD,,Meridian Carry,,MT-CARR-0006,new,Luggage & Bags > Suitcases,Luggage > Carry-On,MT-CARR-GRP-003,,,Polycarbonate,58
MT-CARR-0007,Essential Softside Carry-On,"The Essential Softside Carry-On from Meridian Travel Co., crafted in polycarbonate, cabin-sized, durable, and built for frequent flyers.",https://meridian-travel.example.com/products/mt-carr-0007,/mock-catalog/images/meridian-travel/carryons-2.png,,in_stock,184.80 USD,,Meridian Journey,,MT-CARR-0007,new,Luggage & Bags > Suitcases,Luggage > Carry-On,MT-CARR-GRP-004,,,Polycarbonate,179
MT-CARR-0008,Trail Hardshell Carry-On,"The Trail Hardshell Carry-On from Meridian Travel Co., crafted in ballistic nylon, cabin-sized, durable, and built for frequent flyers.",https://meridian-travel.example.com/products/mt-carr-0008,/mock-catalog/images/meridian-travel/carryons-3.png,,in_stock,100.98 USD,,Meridian Journey,,MT-CARR-0008,new,Luggage & Bags > Suitcases,Luggage > Carry-On,MT-CARR-GRP-004,,,Ballistic Nylon,82
MT-CARR-0009,Aero Underseat Bag,"The Aero Underseat Bag from Meridian Travel Co., crafted in polycarbonate, cabin-sized, durable, and built for frequent flyers.",https://meridian-travel.example.com/products/mt-carr-0009,/mock-catalog/images/meridian-travel/carryons-4.png,,in_stock,178.82 USD,,Meridian Carry,,MT-CARR-0009,new,Luggage & Bags > Suitcases,Luggage > Carry-On,MT-CARR-GRP-005,,,Polycarbonate,54
MT-CARR-0010,Aero Hardshell Carry-On,"The Aero Hardshell Carry-On from Meridian Travel Co., crafted in polycarbonate, cabin-sized, durable, and built for frequent flyers.",https://meridian-travel.example.com/products/mt-carr-0010,/mock-catalog/images/meridian-travel/carryons-5.png,,in_stock,323.29 USD,,Meridian,,MT-CARR-0010,new,Luggage & Bags > Suitcases,Luggage > Carry-On,MT-CARR-GRP-005,,,Polycarbonate,13
MT-CARR-0011,Premium Hardshell Carry-On,"The Premium Hardshell Carry-On from Meridian Travel Co., crafted in ballistic nylon, cabin-sized, durable, and built for frequent flyers.",https://meridian-travel.example.com/products/mt-carr-0011,/mock-catalog/images/meridian-travel/carryons-1.png,,in_stock,141.49 USD,,Meridian,,MT-CARR-0011,new,Luggage & Bags > Suitcases,Luggage > Carry-On,MT-CARR-GRP-006,,,Ballistic Nylon,224
MT-CARR-0012,Terra Spinner Suitcase,"The Terra Spinner Suitcase from Meridian Travel Co., crafted in ballistic nylon, cabin-sized, durable, and built for frequent flyers.",https://meridian-travel.example.com/products/mt-carr-0012,/mock-catalog/images/meridian-travel/carryons-2.png,,in_stock,260.07 USD,,Meridian Journey,,MT-CARR-0012,new,Luggage & Bags > Suitcases,Luggage > Carry-On,MT-CARR-GRP-006,,,Ballistic Nylon,72
MT-CARR-0013,Studio Spinner Suitcase,"The Studio Spinner Suitcase from Meridian Travel Co., crafted in polycarbonate, cabin-sized, durable, and built for frequent flyers.",https://meridian-travel.example.com/products/mt-carr-0013,/mock-catalog/images/meridian-travel/carryons-3.png,,in_stock,234.67 USD,,Meridian Carry,,MT-CARR-0013,new,Luggage & Bags > Suitcases,Luggage > Carry-On,MT-CARR-GRP-007,,,Polycarbonate,134
MT-CARR-0014,Essential Spinner Suitcase,"The Essential Spinner Suitcase from Meridian Travel Co., crafted in ballistic nylon, cabin-sized, durable, and built for frequent flyers.",https://meridian-travel.example.com/products/mt-carr-0014,/mock-catalog/images/meridian-travel/carryons-4.png,,in_stock,281.34 USD,,Meridian,,MT-CARR-0014,new,Luggage & Bags > Suitcases,Luggage > Carry-On,MT-CARR-GRP-007,,,Ballistic Nylon,29
MT-CARR-0015,Rugged Underseat Bag,"The Rugged Underseat Bag from Meridian Travel Co., crafted in ballistic nylon, cabin-sized, durable, and built for frequent flyers.",https://meridian-travel.example.com/products/mt-carr-0015,/mock-catalog/images/meridian-travel/carryons-5.png,,in_stock,313.30 USD,,Meridian Carry,,MT-CARR-0015,new,Luggage & Bags > Suitcases,Luggage > Carry-On,MT-CARR-GRP-008,,,Ballistic Nylon,174
MT-BACK-0016,Everyday Convertible Pack,"The Everyday Convertible Pack from Meridian Travel Co., crafted in recycled nylon, organized, durable, and ready for the daily commute.",https://meridian-travel.example.com/products/mt-back-0016,/mock-catalog/images/meridian-travel/backpacks-1.png,,in_stock,160.73 USD,,Meridian,,MT-BACK-0016,new,Luggage & Bags > Backpacks,Bags > Backpacks,MT-BACK-GRP-001,,,Recycled Nylon,236
MT-BACK-0017,Studio Convertible Pack,"The Studio Convertible Pack from Meridian Travel Co., crafted in waxed canvas, organized, durable, and ready for the daily commute.",https://meridian-travel.example.com/products/mt-back-0017,/mock-catalog/images/meridian-travel/backpacks-2.png,,in_stock,145.53 USD,,Meridian,,MT-BACK-0017,new,Luggage & Bags > Backpacks,Bags > Backpacks,MT-BACK-GRP-001,,,Waxed Canvas,190
MT-BACK-0018,Essential Daypack,"The Essential Daypack from Meridian Travel Co., crafted in recycled nylon, organized, durable, and ready for the daily commute.",https://meridian-travel.example.com/products/mt-back-0018,/mock-catalog/images/meridian-travel/backpacks-3.png,,in_stock,163.73 USD,144.46 USD,Meridian Carry,,MT-BACK-0018,new,Luggage & Bags > Backpacks,Bags > Backpacks,MT-BACK-GRP-002,,,Recycled Nylon,225
MT-BACK-0019,Pro Travel Backpack,"The Pro Travel Backpack from Meridian Travel Co., crafted in recycled nylon, organized, durable, and ready for the daily commute.",https://meridian-travel.example.com/products/mt-back-0019,/mock-catalog/images/meridian-travel/backpacks-4.png,,in_stock,130.60 USD,,Meridian Journey,,MT-BACK-0019,new,Luggage & Bags > Backpacks,Bags > Backpacks,MT-BACK-GRP-002,,,Recycled Nylon,198
MT-BACK-0020,Modern Travel Backpack,"The Modern Travel Backpack from Meridian Travel Co., crafted in waxed canvas, organized, durable, and ready for the daily commute.",https://meridian-travel.example.com/products/mt-back-0020,/mock-catalog/images/meridian-travel/backpacks-5.png,,in_stock,122.71 USD,,Meridian,,MT-BACK-0020,new,Luggage & Bags > Backpacks,Bags > Backpacks,MT-BACK-GRP-003,,,Waxed Canvas,152
MT-BACK-0021,Urban Travel Backpack,"The Urban Travel Backpack from Meridian Travel Co., crafted in waxed canvas, organized, durable, and ready for the daily commute.",https://meridian-travel.example.com/products/mt-back-0021,/mock-catalog/images/meridian-travel/backpacks-1.png,,in_stock,116.33 USD,,Meridian Journey,,MT-BACK-0021,new,Luggage & Bags > Backpacks,Bags > Backpacks,MT-BACK-GRP-003,,,Waxed Canvas,148
MT-BACK-0022,Signature Anti-Theft Backpack,"The Signature Anti-Theft Backpack from Meridian Travel Co., crafted in recycled nylon, organized, durable, and ready for the daily commute.",https://meridian-travel.example.com/products/mt-back-0022,/mock-catalog/images/meridian-travel/backpacks-2.png,,in_stock,168.10 USD,,Meridian Journey,,MT-BACK-0022,new,Luggage & Bags > Backpacks,Bags > Backpacks,MT-BACK-GRP-004,,,Recycled Nylon,22
MT-BACK-0023,Coastal Travel Backpack,"The Coastal Travel Backpack from Meridian Travel Co., crafted in waxed canvas, organized, durable, and ready for the daily commute.",https://meridian-travel.example.com/products/mt-back-0023,/mock-catalog/images/meridian-travel/backpacks-3.png,,in_stock,127.41 USD,104.86 USD,Meridian,,MT-BACK-0023,new,Luggage & Bags > Backpacks,Bags > Backpacks,MT-BACK-GRP-004,,,Waxed Canvas,33
MT-BACK-0024,Modern Convertible Pack,"The Modern Convertible Pack from Meridian Travel Co., crafted in waxed canvas, organized, durable, and ready for the daily commute.",https://meridian-travel.example.com/products/mt-back-0024,/mock-catalog/images/meridian-travel/backpacks-4.png,,in_stock,77.75 USD,,Meridian Journey,,MT-BACK-0024,new,Luggage & Bags > Backpacks,Bags > Backpacks,MT-BACK-GRP-005,,,Waxed Canvas,85
MT-BACK-0025,Essential Convertible Pack,"The Essential Convertible Pack from Meridian Travel Co., crafted in recycled nylon, organized, durable, and ready for the daily commute.",https://meridian-travel.example.com/products/mt-back-0025,/mock-catalog/images/meridian-travel/backpacks-5.png,,in_stock,187.61 USD,154.78 USD,Meridian Carry,,MT-BACK-0025,new,Luggage & Bags > Backpacks,Bags > Backpacks,MT-BACK-GRP-005,,,Recycled Nylon,62
MT-BACK-0026,Alpine Daypack,"The Alpine Daypack from Meridian Travel Co., crafted in recycled nylon, organized, durable, and ready for the daily commute.",https://meridian-travel.example.com/products/mt-back-0026,/mock-catalog/images/meridian-travel/backpacks-1.png,,in_stock,169.46 USD,,Meridian Journey,,MT-BACK-0026,new,Luggage & Bags > Backpacks,Bags > Backpacks,MT-BACK-GRP-006,,,Recycled Nylon,28
MT-BACK-0027,Luxe Travel Backpack,"The Luxe Travel Backpack from Meridian Travel Co., crafted in recycled nylon, organized, durable, and ready for the daily commute.",https://meridian-travel.example.com/products/mt-back-0027,/mock-catalog/images/meridian-travel/backpacks-2.png,,in_stock,144.83 USD,,Meridian Carry,,MT-BACK-0027,new,Luggage & Bags > Backpacks,Bags > Backpacks,MT-BACK-GRP-006,,,Recycled Nylon,150
MT-BACK-0028,Everyday Travel Backpack,"The Everyday Travel Backpack from Meridian Travel Co., crafted in waxed canvas, organized, durable, and ready for the daily commute.",https://meridian-travel.example.com/products/mt-back-0028,/mock-catalog/images/meridian-travel/backpacks-3.png,,in_stock,164.94 USD,,Meridian Journey,,MT-BACK-0028,new,Luggage & Bags > Backpacks,Bags > Backpacks,MT-BACK-GRP-007,,,Waxed Canvas,222
MT-BACK-0029,Premium Anti-Theft Backpack,"The Premium Anti-Theft Backpack from Meridian Travel Co., crafted in waxed canvas, organized, durable, and ready for the daily commute.",https://meridian-travel.example.com/products/mt-back-0029,/mock-catalog/images/meridian-travel/backpacks-4.png,,in_stock,131.03 USD,,Meridian,,MT-BACK-0029,new,Luggage & Bags > Backpacks,Bags > Backpacks,MT-BACK-GRP-007,,,Waxed Canvas,33
MT-BACK-0030,Coastal Anti-Theft Backpack,"The Coastal Anti-Theft Backpack from Meridian Travel Co., crafted in waxed canvas, organized, durable, and ready for the daily commute.",https://meridian-travel.example.com/products/mt-back-0030,/mock-catalog/images/meridian-travel/backpacks-5.png,,in_stock,137.87 USD,,Meridian Carry,,MT-BACK-0030,new,Luggage & Bags > Backpacks,Bags > Backpacks,MT-BACK-GRP-008,,,Waxed Canvas,210
MT-PACK-0031,Alpine Toiletry Roll,"The Alpine Toiletry Roll from Meridian Travel Co., crafted in ripstop nylon, keeps your bag tidy with everything easy to find.",https://meridian-travel.example.com/products/mt-pack-0031,/mock-catalog/images/meridian-travel/packing-1.png,,in_stock,23.67 USD,,Meridian,,MT-PACK-0031,new,Luggage & Bags > Travel Accessories,Travel > Packing Cubes,MT-PACK-GRP-001,,,Ripstop Nylon,134
MT-PACK-0032,Modern Compression Cubes,"The Modern Compression Cubes from Meridian Travel Co., crafted in ripstop nylon, keeps your bag tidy with everything easy to find.",https://meridian-travel.example.com/products/mt-pack-0032,/mock-catalog/images/meridian-travel/packing-2.png,,in_stock,46.62 USD,,Meridian Carry,,MT-PACK-0032,new,Luggage & Bags > Travel Accessories,Travel > Packing Cubes,MT-PACK-GRP-001,,,Ripstop Nylon,135
MT-PACK-0033,Trail Compression Cubes,"The Trail Compression Cubes from Meridian Travel Co., crafted in ripstop nylon, keeps your bag tidy with everything easy to find.",https://meridian-travel.example.com/products/mt-pack-0033,/mock-catalog/images/meridian-travel/packing-3.png,,in_stock,35.57 USD,,Meridian Journey,,MT-PACK-0033,new,Luggage & Bags > Travel Accessories,Travel > Packing Cubes,MT-PACK-GRP-002,,,Ripstop Nylon,216
MT-PACK-0034,Urban Toiletry Roll,"The Urban Toiletry Roll from Meridian Travel Co., crafted in ripstop nylon, keeps your bag tidy with everything easy to find.",https://meridian-travel.example.com/products/mt-pack-0034,/mock-catalog/images/meridian-travel/packing-4.png,,in_stock,47.37 USD,42.51 USD,Meridian Journey,,MT-PACK-0034,new,Luggage & Bags > Travel Accessories,Travel > Packing Cubes,MT-PACK-GRP-002,,,Ripstop Nylon,115
MT-PACK-0035,Classic Toiletry Roll,"The Classic Toiletry Roll from Meridian Travel Co., crafted in ripstop nylon, keeps your bag tidy with everything easy to find.",https://meridian-travel.example.com/products/mt-pack-0035,/mock-catalog/images/meridian-travel/packing-5.png,,in_stock,15.22 USD,,Meridian Journey,,MT-PACK-0035,new,Luggage & Bags > Travel Accessories,Travel > Packing Cubes,MT-PACK-GRP-003,,,Ripstop Nylon,122
MT-PACK-0036,Rugged Packing Cube Set,"The Rugged Packing Cube Set from Meridian Travel Co., crafted in ripstop nylon, keeps your bag tidy with everything easy to find.",https://meridian-travel.example.com/products/mt-pack-0036,/mock-catalog/images/meridian-travel/packing-1.png,,in_stock,42.28 USD,,Meridian Carry,,MT-PACK-0036,new,Luggage & Bags > Travel Accessories,Travel > Packing Cubes,MT-PACK-GRP-003,,,Ripstop Nylon,143
MT-PACK-0037,Alpine Shoe Bag Set,"The Alpine Shoe Bag Set from Meridian Travel Co., crafted in ripstop nylon, keeps your bag tidy with everything easy to find.",https://meridian-travel.example.com/products/mt-pack-0037,/mock-catalog/images/meridian-travel/packing-2.png,,in_stock,45.19 USD,,Meridian,,MT-PACK-0037,new,Luggage & Bags > Travel Accessories,Travel > Packing Cubes,MT-PACK-GRP-004,,,Ripstop Nylon,174
MT-PACK-0038,Urban Packing Cube Set,"The Urban Packing Cube Set from Meridian Travel Co., crafted in ripstop nylon, keeps your bag tidy with everything easy to find.",https://meridian-travel.example.com/products/mt-pack-0038,/mock-catalog/images/meridian-travel/packing-3.png,,in_stock,25.27 USD,,Meridian Journey,,MT-PACK-0038,new,Luggage & Bags > Travel Accessories,Travel > Packing Cubes,MT-PACK-GRP-004,,,Ripstop Nylon,162
MT-PACK-0039,Heritage Packing Cube Set,"The Heritage Packing Cube Set from Meridian Travel Co., crafted in ripstop nylon, keeps your bag tidy with everything easy to find.",https://meridian-travel.example.com/products/mt-pack-0039,/mock-catalog/images/meridian-travel/packing-4.png,,in_stock,64.55 USD,52.07 USD,Meridian Carry,,MT-PACK-0039,new,Luggage & Bags > Travel Accessories,Travel > Packing Cubes,MT-PACK-GRP-005,,,Ripstop Nylon,29
MT-PACK-0040,Classic Shoe Bag Set,"The Classic Shoe Bag Set from Meridian Travel Co., crafted in ripstop nylon, keeps your bag tidy with everything easy to find.",https://meridian-travel.example.com/products/mt-pack-0040,/mock-catalog/images/meridian-travel/packing-5.png,,in_stock,23.66 USD,,Meridian Journey,,MT-PACK-0040,new,Luggage & Bags > Travel Accessories,Travel > Packing Cubes,MT-PACK-GRP-005,,,Ripstop Nylon,142
MT-PACK-0041,Everyday Compression Cubes,"The Everyday Compression Cubes from Meridian Travel Co., crafted in ripstop nylon, keeps your bag tidy with everything easy to find.",https://meridian-travel.example.com/products/mt-pack-0041,/mock-catalog/images/meridian-travel/packing-1.png,,in_stock,65.79 USD,,Meridian Journey,,MT-PACK-0041,new,Luggage & Bags > Travel Accessories,Travel > Packing Cubes,MT-PACK-GRP-006,,,Ripstop Nylon,35
MT-PACK-0042,Trail Toiletry Roll,"The Trail Toiletry Roll from Meridian Travel Co., crafted in ripstop nylon, keeps your bag tidy with everything easy to find.",https://meridian-travel.example.com/products/mt-pack-0042,/mock-catalog/images/meridian-travel/packing-2.png,,in_stock,34.47 USD,,Meridian Journey,,MT-PACK-0042,new,Luggage & Bags > Travel Accessories,Travel > Packing Cubes,MT-PACK-GRP-006,,,Ripstop Nylon,79
MT-PACK-0043,Featherlight Shoe Bag Set,"The Featherlight Shoe Bag Set from Meridian Travel Co., crafted in ripstop nylon, keeps your bag tidy with everything easy to find.",https://meridian-travel.example.com/products/mt-pack-0043,/mock-catalog/images/meridian-travel/packing-3.png,,in_stock,17.89 USD,,Meridian Carry,,MT-PACK-0043,new,Luggage & Bags > Travel Accessories,Travel > Packing Cubes,MT-PACK-GRP-007,,,Ripstop Nylon,176
MT-PACK-0044,Pro Packing Cube Set,"The Pro Packing Cube Set from Meridian Travel Co., crafted in ripstop nylon, keeps your bag tidy with everything easy to find.",https://meridian-travel.example.com/products/mt-pack-0044,/mock-catalog/images/meridian-travel/packing-4.png,,in_stock,20.78 USD,,Meridian Carry,,MT-PACK-0044,new,Luggage & Bags > Travel Accessories,Travel > Packing Cubes,MT-PACK-GRP-007,,,Ripstop Nylon,184
MT-PACK-0045,Luxe Packing Cube Set,"The Luxe Packing Cube Set from Meridian Travel Co., crafted in ripstop nylon, keeps your bag tidy with everything easy to find.",https://meridian-travel.example.com/products/mt-pack-0045,/mock-catalog/images/meridian-travel/packing-5.png,,in_stock,46.38 USD,,Meridian Journey,,MT-PACK-0045,new,Luggage & Bags > Travel Accessories,Travel > Packing Cubes,MT-PACK-GRP-008,,,Ripstop Nylon,107
MT-BOTT-0046,Studio Collapsible Bottle,"The Studio Collapsible Bottle from Meridian Travel Co., crafted in stainless steel, keeps drinks cold for 24 hours on the go.",https://meridian-travel.example.com/products/mt-bott-0046,/mock-catalog/images/meridian-travel/bottles-1.png,,in_stock,34.44 USD,26.04 USD,Meridian Carry,,MT-BOTT-0046,new,Home & Garden > Kitchen & Dining > Food & Beverage Carriers > Water Bottles,Drinkware > Water Bottles,MT-BOTT-GRP-001,,,Stainless Steel,201
MT-BOTT-0047,Featherlight Insulated Bottle,"The Featherlight Insulated Bottle from Meridian Travel Co., crafted in bpa-free plastic, keeps drinks cold for 24 hours on the go.",https://meridian-travel.example.com/products/mt-bott-0047,/mock-catalog/images/meridian-travel/bottles-2.png,,in_stock,42.84 USD,,Meridian Carry,,MT-BOTT-0047,new,Home & Garden > Kitchen & Dining > Food & Beverage Carriers > Water Bottles,Drinkware > Water Bottles,MT-BOTT-GRP-001,,,BPA-Free Plastic,153
MT-BOTT-0048,Modern Collapsible Bottle,"The Modern Collapsible Bottle from Meridian Travel Co., crafted in stainless steel, keeps drinks cold for 24 hours on the go.",https://meridian-travel.example.com/products/mt-bott-0048,/mock-catalog/images/meridian-travel/bottles-3.png,,in_stock,46.47 USD,,Meridian Carry,,MT-BOTT-0048,new,Home & Garden > Kitchen & Dining > Food & Beverage Carriers > Water Bottles,Drinkware > Water Bottles,MT-BOTT-GRP-002,,,Stainless Steel,127
MT-BOTT-0049,Featherlight Collapsible Bottle,"The Featherlight Collapsible Bottle from Meridian Travel Co., crafted in bpa-free plastic, keeps drinks cold for 24 hours on the go.",https://meridian-travel.example.com/products/mt-bott-0049,/mock-catalog/images/meridian-travel/bottles-4.png,,in_stock,34.25 USD,29.97 USD,Meridian Journey,,MT-BOTT-0049,new,Home & Garden > Kitchen & Dining > Food & Beverage Carriers > Water Bottles,Drinkware > Water Bottles,MT-BOTT-GRP-002,,,BPA-Free Plastic,112
MT-BOTT-0050,Rugged Collapsible Bottle,"The Rugged Collapsible Bottle from Meridian Travel Co., crafted in stainless steel, keeps drinks cold for 24 hours on the go.",https://meridian-travel.example.com/products/mt-bott-0050,/mock-catalog/images/meridian-travel/bottles-5.png,,in_stock,22.88 USD,,Meridian Journey,,MT-BOTT-0050,new,Home & Garden > Kitchen & Dining > Food & Beverage Carriers > Water Bottles,Drinkware > Water Bottles,MT-BOTT-GRP-003,,,Stainless Steel,138
MT-BOTT-0051,Rugged Insulated Bottle,"The Rugged Insulated Bottle from Meridian Travel Co., crafted in stainless steel, keeps drinks cold for 24 hours on the go.",https://meridian-travel.example.com/products/mt-bott-0051,/mock-catalog/images/meridian-travel/bottles-1.png,,in_stock,47.05 USD,,Meridian Carry,,MT-BOTT-0051,new,Home & Garden > Kitchen & Dining > Food & Beverage Carriers > Water Bottles,Drinkware > Water Bottles,MT-BOTT-GRP-003,,,Stainless Steel,177
MT-BOTT-0052,Everyday Insulated Bottle,"The Everyday Insulated Bottle from Meridian Travel Co., crafted in bpa-free plastic, keeps drinks cold for 24 hours on the go.",https://meridian-travel.example.com/products/mt-bott-0052,/mock-catalog/images/meridian-travel/bottles-2.png,,in_stock,38.37 USD,,Meridian Carry,,MT-BOTT-0052,new,Home & Garden > Kitchen & Dining > Food & Beverage Carriers > Water Bottles,Drinkware > Water Bottles,MT-BOTT-GRP-004,,,BPA-Free Plastic,38
MT-BOTT-0053,Nova Filtered Bottle,"The Nova Filtered Bottle from Meridian Travel Co., crafted in bpa-free plastic, keeps drinks cold for 24 hours on the go.",https://meridian-travel.example.com/products/mt-bott-0053,/mock-catalog/images/meridian-travel/bottles-3.png,,in_stock,26.92 USD,20.57 USD,Meridian Carry,,MT-BOTT-0053,new,Home & Garden > Kitchen & Dining > Food & Beverage Carriers > Water Bottles,Drinkware > Water Bottles,MT-BOTT-GRP-004,,,BPA-Free Plastic,9
MT-BOTT-0054,Luxe Collapsible Bottle,"The Luxe Collapsible Bottle from Meridian Travel Co., crafted in bpa-free plastic, keeps drinks cold for 24 hours on the go.",https://meridian-travel.example.com/products/mt-bott-0054,/mock-catalog/images/meridian-travel/bottles-4.png,,in_stock,45.04 USD,,Meridian Carry,,MT-BOTT-0054,new,Home & Garden > Kitchen & Dining > Food & Beverage Carriers > Water Bottles,Drinkware > Water Bottles,MT-BOTT-GRP-005,,,BPA-Free Plastic,45
MT-BOTT-0055,Alpine Insulated Bottle,"The Alpine Insulated Bottle from Meridian Travel Co., crafted in stainless steel, keeps drinks cold for 24 hours on the go.",https://meridian-travel.example.com/products/mt-bott-0055,/mock-catalog/images/meridian-travel/bottles-5.png,,in_stock,43.54 USD,,Meridian Journey,,MT-BOTT-0055,new,Home & Garden > Kitchen & Dining > Food & Beverage Carriers > Water Bottles,Drinkware > Water Bottles,MT-BOTT-GRP-005,,,Stainless Steel,168
MT-BOTT-0056,Signature Filtered Bottle,"The Signature Filtered Bottle from Meridian Travel Co., crafted in stainless steel, keeps drinks cold for 24 hours on the go.",https://meridian-travel.example.com/products/mt-bott-0056,/mock-catalog/images/meridian-travel/bottles-1.png,,in_stock,38.82 USD,,Meridian,,MT-BOTT-0056,new,Home & Garden > Kitchen & Dining > Food & Beverage Carriers > Water Bottles,Drinkware > Water Bottles,MT-BOTT-GRP-006,,,Stainless Steel,176
MT-BOTT-0057,Everyday Filtered Bottle,"The Everyday Filtered Bottle from Meridian Travel Co., crafted in bpa-free plastic, keeps drinks cold for 24 hours on the go.",https://meridian-travel.example.com/products/mt-bott-0057,/mock-catalog/images/meridian-travel/bottles-2.png,,in_stock,22.52 USD,18.79 USD,Meridian,,MT-BOTT-0057,new,Home & Garden > Kitchen & Dining > Food & Beverage Carriers > Water Bottles,Drinkware > Water Bottles,MT-BOTT-GRP-006,,,BPA-Free Plastic,249
MT-BOTT-0058,Luxe Filtered Bottle,"The Luxe Filtered Bottle from Meridian Travel Co., crafted in bpa-free plastic, keeps drinks cold for 24 hours on the go.",https://meridian-travel.example.com/products/mt-bott-0058,/mock-catalog/images/meridian-travel/bottles-3.png,,in_stock,26.01 USD,,Meridian,,MT-BOTT-0058,new,Home & Garden > Kitchen & Dining > Food & Beverage Carriers > Water Bottles,Drinkware > Water Bottles,MT-BOTT-GRP-007,,,BPA-Free Plastic,122
MT-BOTT-0059,Terra Collapsible Bottle,"The Terra Collapsible Bottle from Meridian Travel Co., crafted in bpa-free plastic, keeps drinks cold for 24 hours on the go.",https://meridian-travel.example.com/products/mt-bott-0059,/mock-catalog/images/meridian-travel/bottles-4.png,,in_stock,47.68 USD,,Meridian,,MT-BOTT-0059,new,Home & Garden > Kitchen & Dining > Food & Beverage Carriers > Water Bottles,Drinkware > Water Bottles,MT-BOTT-GRP-007,,,BPA-Free Plastic,108
MT-BOTT-0060,Trail Collapsible Bottle,"The Trail Collapsible Bottle from Meridian Travel Co., crafted in stainless steel, keeps drinks cold for 24 hours on the go.",https://meridian-travel.example.com/products/mt-bott-0060,/mock-catalog/images/meridian-travel/bottles-5.png,,in_stock,26.66 USD,,Meridian Carry,,MT-BOTT-0060,new,Home & Garden > Kitchen & Dining > Food & Beverage Carriers > Water Bottles,Drinkware > Water Bottles,MT-BOTT-GRP-008,,,Stainless Steel,31
MT-TUMB-0061,Premium Spill-Proof Tumbler,"The Premium Spill-Proof Tumbler from Meridian Travel Co., crafted in stainless steel, double-walled to keep drinks hot or cold for hours.",https://meridian-travel.example.com/products/mt-tumb-0061,/mock-catalog/images/meridian-travel/tumblers-1.png,,in_stock,40.03 USD,,Meridian Journey,,MT-TUMB-0061,new,Home & Garden > Kitchen & Dining > Food & Beverage Carriers > Water Bottles,Drinkware > Tumblers,MT-TUMB-GRP-001,,,Stainless Steel,146
MT-TUMB-0062,Rugged Insulated Tumbler,"The Rugged Insulated Tumbler from Meridian Travel Co., crafted in stainless steel, double-walled to keep drinks hot or cold for hours.",https://meridian-travel.example.com/products/mt-tumb-0062,/mock-catalog/images/meridian-travel/tumblers-2.png,,in_stock,45.94 USD,41.44 USD,Meridian,,MT-TUMB-0062,new,Home & Garden > Kitchen & Dining > Food & Beverage Carriers > Water Bottles,Drinkware > Tumblers,MT-TUMB-GRP-001,,,Stainless Steel,147
MT-TUMB-0063,Rugged Spill-Proof Tumbler,"The Rugged Spill-Proof Tumbler from Meridian Travel Co., crafted in stainless steel, double-walled to keep drinks hot or cold for hours.",https://meridian-travel.example.com/products/mt-tumb-0063,/mock-catalog/images/meridian-travel/tumblers-3.png,,in_stock,43.14 USD,,Meridian,,MT-TUMB-0063,new,Home & Garden > Kitchen & Dining > Food & Beverage Carriers > Water Bottles,Drinkware > Tumblers,MT-TUMB-GRP-002,,,Stainless Steel,66
MT-TUMB-0064,Luxe Travel Mug,"The Luxe Travel Mug from Meridian Travel Co., crafted in stainless steel, double-walled to keep drinks hot or cold for hours.",https://meridian-travel.example.com/products/mt-tumb-0064,/mock-catalog/images/meridian-travel/tumblers-4.png,,in_stock,34.67 USD,,Meridian Carry,,MT-TUMB-0064,new,Home & Garden > Kitchen & Dining > Food & Beverage Carriers > Water Bottles,Drinkware > Tumblers,MT-TUMB-GRP-002,,,Stainless Steel,121
MT-TUMB-0065,Urban Spill-Proof Tumbler,"The Urban Spill-Proof Tumbler from Meridian Travel Co., crafted in stainless steel, double-walled to keep drinks hot or cold for hours.",https://meridian-travel.example.com/products/mt-tumb-0065,/mock-catalog/images/meridian-travel/tumblers-5.png,,in_stock,29.25 USD,,Meridian,,MT-TUMB-0065,new,Home & Garden > Kitchen & Dining > Food & Beverage Carriers > Water Bottles,Drinkware > Tumblers,MT-TUMB-GRP-003,,,Stainless Steel,220
MT-TUMB-0066,Pro Insulated Tumbler,"The Pro Insulated Tumbler from Meridian Travel Co., crafted in stainless steel, double-walled to keep drinks hot or cold for hours.",https://meridian-travel.example.com/products/mt-tumb-0066,/mock-catalog/images/meridian-travel/tumblers-1.png,,in_stock,32.47 USD,,Meridian Carry,,MT-TUMB-0066,new,Home & Garden > Kitchen & Dining > Food & Beverage Carriers > Water Bottles,Drinkware > Tumblers,MT-TUMB-GRP-003,,,Stainless Steel,113
MT-TUMB-0067,Signature Spill-Proof Tumbler,"The Signature Spill-Proof Tumbler from Meridian Travel Co., crafted in stainless steel, double-walled to keep drinks hot or cold for hours.",https://meridian-travel.example.com/products/mt-tumb-0067,/mock-catalog/images/meridian-travel/tumblers-2.png,,in_stock,23.37 USD,,Meridian Journey,,MT-TUMB-0067,new,Home & Garden > Kitchen & Dining > Food & Beverage Carriers > Water Bottles,Drinkware > Tumblers,MT-TUMB-GRP-004,,,Stainless Steel,95
MT-TUMB-0068,Minimalist Spill-Proof Tumbler,"The Minimalist Spill-Proof Tumbler from Meridian Travel Co., crafted in stainless steel, double-walled to keep drinks hot or cold for hours.",https://meridian-travel.example.com/products/mt-tumb-0068,/mock-catalog/images/meridian-travel/tumblers-3.png,,in_stock,39.30 USD,,Meridian Journey,,MT-TUMB-0068,new,Home & Garden > Kitchen & Dining > Food & Beverage Carriers > Water Bottles,Drinkware > Tumblers,MT-TUMB-GRP-004,,,Stainless Steel,17
MT-TUMB-0069,Heritage Travel Mug,"The Heritage Travel Mug from Meridian Travel Co., crafted in stainless steel, double-walled to keep drinks hot or cold for hours.",https://meridian-travel.example.com/products/mt-tumb-0069,/mock-catalog/images/meridian-travel/tumblers-4.png,,in_stock,32.07 USD,,Meridian Journey,,MT-TUMB-0069,new,Home & Garden > Kitchen & Dining > Food & Beverage Carriers > Water Bottles,Drinkware > Tumblers,MT-TUMB-GRP-005,,,Stainless Steel,36
MT-TUMB-0070,Classic Insulated Tumbler,"The Classic Insulated Tumbler from Meridian Travel Co., crafted in stainless steel, double-walled to keep drinks hot or cold for hours.",https://meridian-travel.example.com/products/mt-tumb-0070,/mock-catalog/images/meridian-travel/tumblers-5.png,,in_stock,32.36 USD,,Meridian Journey,,MT-TUMB-0070,new,Home & Garden > Kitchen & Dining > Food & Beverage Carriers > Water Bottles,Drinkware > Tumblers,MT-TUMB-GRP-005,,,Stainless Steel,250
MT-TUMB-0071,Featherlight Spill-Proof Tumbler,"The Featherlight Spill-Proof Tumbler from Meridian Travel Co., crafted in stainless steel, double-walled to keep drinks hot or cold for hours.",https://meridian-travel.example.com/products/mt-tumb-0071,/mock-catalog/images/meridian-travel/tumblers-1.png,,in_stock,32.08 USD,,Meridian Carry,,MT-TUMB-0071,new,Home & Garden > Kitchen & Dining > Food & Beverage Carriers > Water Bottles,Drinkware > Tumblers,MT-TUMB-GRP-006,,,Stainless Steel,238
MT-TUMB-0072,Premium Travel Mug,"The Premium Travel Mug from Meridian Travel Co., crafted in stainless steel, double-walled to keep drinks hot or cold for hours.",https://meridian-travel.example.com/products/mt-tumb-0072,/mock-catalog/images/meridian-travel/tumblers-2.png,,in_stock,23.78 USD,,Meridian Journey,,MT-TUMB-0072,new,Home & Garden > Kitchen & Dining > Food & Beverage Carriers > Water Bottles,Drinkware > Tumblers,MT-TUMB-GRP-006,,,Stainless Steel,104
MT-TUMB-0073,Classic Spill-Proof Tumbler,"The Classic Spill-Proof Tumbler from Meridian Travel Co., crafted in stainless steel, double-walled to keep drinks hot or cold for hours.",https://meridian-travel.example.com/products/mt-tumb-0073,/mock-catalog/images/meridian-travel/tumblers-3.png,,in_stock,40.97 USD,,Meridian Journey,,MT-TUMB-0073,new,Home & Garden > Kitchen & Dining > Food & Beverage Carriers > Water Bottles,Drinkware > Tumblers,MT-TUMB-GRP-007,,,Stainless Steel,39
MT-TUMB-0074,Studio Travel Mug,"The Studio Travel Mug from Meridian Travel Co., crafted in stainless steel, double-walled to keep drinks hot or cold for hours.",https://meridian-travel.example.com/products/mt-tumb-0074,/mock-catalog/images/meridian-travel/tumblers-4.png,,in_stock,38.66 USD,,Meridian,,MT-TUMB-0074,new,Home & Garden > Kitchen & Dining > Food & Beverage Carriers > Water Bottles,Drinkware > Tumblers,MT-TUMB-GRP-007,,,Stainless Steel,217
MT-TUMB-0075,Trail Travel Mug,"The Trail Travel Mug from Meridian Travel Co., crafted in stainless steel, double-walled to keep drinks hot or cold for hours.",https://meridian-travel.example.com/products/mt-tumb-0075,/mock-catalog/images/meridian-travel/tumblers-5.png,,in_stock,27.48 USD,,Meridian Carry,,MT-TUMB-0075,new,Home & Garden > Kitchen & Dining > Food & Beverage Carriers > Water Bottles,Drinkware > Tumblers,MT-TUMB-GRP-008,,,Stainless Steel,152
MT-SUNG-0076,Modern Folding Sunglasses,"The Modern Folding Sunglasses from Meridian Travel Co., crafted in acetate, with UV400 protection and a timeless silhouette.",https://meridian-travel.example.com/products/mt-sung-0076,/mock-catalog/images/meridian-travel/sunglasses-1.png,,in_stock,132.98 USD,118.02 USD,Meridian,,MT-SUNG-0076,new,Apparel & Accessories > Clothing Accessories > Sunglasses,Accessories > Eyewear > Sunglasses,MT-SUNG-GRP-001,,,Acetate,171
MT-SUNG-0077,Premium Aviator Sunglasses,"The Premium Aviator Sunglasses from Meridian Travel Co., crafted in recycled frame, with UV400 protection and a timeless silhouette.",https://meridian-travel.example.com/products/mt-sung-0077,/mock-catalog/images/meridian-travel/sunglasses-2.png,,in_stock,124.92 USD,,Meridian Carry,,MT-SUNG-0077,new,Apparel & Accessories > Clothing Accessories > Sunglasses,Accessories > Eyewear > Sunglasses,MT-SUNG-GRP-001,,,Recycled Frame,121
MT-SUNG-0078,Luxe Polarized Sunglasses,"The Luxe Polarized Sunglasses from Meridian Travel Co., crafted in acetate, with UV400 protection and a timeless silhouette.",https://meridian-travel.example.com/products/mt-sung-0078,/mock-catalog/images/meridian-travel/sunglasses-3.png,,in_stock,66.14 USD,,Meridian Journey,,MT-SUNG-0078,new,Apparel & Accessories > Clothing Accessories > Sunglasses,Accessories > Eyewear > Sunglasses,MT-SUNG-GRP-002,,,Acetate,165
MT-SUNG-0079,Modern Wayfarer Sunglasses,"The Modern Wayfarer Sunglasses from Meridian Travel Co., crafted in recycled frame, with UV400 protection and a timeless silhouette.",https://meridian-travel.example.com/products/mt-sung-0079,/mock-catalog/images/meridian-travel/sunglasses-4.png,,in_stock,85.31 USD,,Meridian Carry,,MT-SUNG-0079,new,Apparel & Accessories > Clothing Accessories > Sunglasses,Accessories > Eyewear > Sunglasses,MT-SUNG-GRP-002,,,Recycled Frame,21
MT-SUNG-0080,Classic Aviator Sunglasses,"The Classic Aviator Sunglasses from Meridian Travel Co., crafted in acetate, with UV400 protection and a timeless silhouette.",https://meridian-travel.example.com/products/mt-sung-0080,/mock-catalog/images/meridian-travel/sunglasses-5.png,,in_stock,149.63 USD,,Meridian Journey,,MT-SUNG-0080,new,Apparel & Accessories > Clothing Accessories > Sunglasses,Accessories > Eyewear > Sunglasses,MT-SUNG-GRP-003,,,Acetate,5
MT-SUNG-0081,Minimalist Polarized Sunglasses,"The Minimalist Polarized Sunglasses from Meridian Travel Co., crafted in recycled frame, with UV400 protection and a timeless silhouette.",https://meridian-travel.example.com/products/mt-sung-0081,/mock-catalog/images/meridian-travel/sunglasses-1.png,,in_stock,55.34 USD,,Meridian Carry,,MT-SUNG-0081,new,Apparel & Accessories > Clothing Accessories > Sunglasses,Accessories > Eyewear > Sunglasses,MT-SUNG-GRP-003,,,Recycled Frame,122
MT-SUNG-0082,Rugged Aviator Sunglasses,"The Rugged Aviator Sunglasses from Meridian Travel Co., crafted in recycled frame, with UV400 protection and a timeless silhouette.",https://meridian-travel.example.com/products/mt-sung-0082,/mock-catalog/images/meridian-travel/sunglasses-2.png,,in_stock,152.77 USD,,Meridian Journey,,MT-SUNG-0082,new,Apparel & Accessories > Clothing Accessories > Sunglasses,Accessories > Eyewear > Sunglasses,MT-SUNG-GRP-004,,,Recycled Frame,109
MT-SUNG-0083,Signature Aviator Sunglasses,"The Signature Aviator Sunglasses from Meridian Travel Co., crafted in acetate, with UV400 protection and a timeless silhouette.",https://meridian-travel.example.com/products/mt-sung-0083,/mock-catalog/images/meridian-travel/sunglasses-3.png,,in_stock,124.67 USD,,Meridian Carry,,MT-SUNG-0083,new,Apparel & Accessories > Clothing Accessories > Sunglasses,Accessories > Eyewear > Sunglasses,MT-SUNG-GRP-004,,,Acetate,59
MT-SUNG-0084,Aero Wayfarer Sunglasses,"The Aero Wayfarer Sunglasses from Meridian Travel Co., crafted in acetate, with UV400 protection and a timeless silhouette.",https://meridian-travel.example.com/products/mt-sung-0084,/mock-catalog/images/meridian-travel/sunglasses-4.png,,in_stock,58.41 USD,,Meridian Journey,,MT-SUNG-0084,new,Apparel & Accessories > Clothing Accessories > Sunglasses,Accessories > Eyewear > Sunglasses,MT-SUNG-GRP-005,,,Acetate,104
MT-SUNG-0085,Pro Folding Sunglasses,"The Pro Folding Sunglasses from Meridian Travel Co., crafted in recycled frame, with UV400 protection and a timeless silhouette.",https://meridian-travel.example.com/products/mt-sung-0085,/mock-catalog/images/meridian-travel/sunglasses-5.png,,in_stock,139.07 USD,,Meridian Journey,,MT-SUNG-0085,new,Apparel & Accessories > Clothing Accessories > Sunglasses,Accessories > Eyewear > Sunglasses,MT-SUNG-GRP-005,,,Recycled Frame,53
MT-SUNG-0086,Urban Polarized Sunglasses,"The Urban Polarized Sunglasses from Meridian Travel Co., crafted in acetate, with UV400 protection and a timeless silhouette.",https://meridian-travel.example.com/products/mt-sung-0086,/mock-catalog/images/meridian-travel/sunglasses-1.png,,in_stock,86.37 USD,,Meridian Journey,,MT-SUNG-0086,new,Apparel & Accessories > Clothing Accessories > Sunglasses,Accessories > Eyewear > Sunglasses,MT-SUNG-GRP-006,,,Acetate,35
MT-SUNG-0087,Aero Aviator Sunglasses,"The Aero Aviator Sunglasses from Meridian Travel Co., crafted in recycled frame, with UV400 protection and a timeless silhouette.",https://meridian-travel.example.com/products/mt-sung-0087,/mock-catalog/images/meridian-travel/sunglasses-2.png,,in_stock,115.70 USD,,Meridian Journey,,MT-SUNG-0087,new,Apparel & Accessories > Clothing Accessories > Sunglasses,Accessories > Eyewear > Sunglasses,MT-SUNG-GRP-006,,,Recycled Frame,135
MT-SUNG-0088,Alpine Folding Sunglasses,"The Alpine Folding Sunglasses from Meridian Travel Co., crafted in recycled frame, with UV400 protection and a timeless silhouette.",https://meridian-travel.example.com/products/mt-sung-0088,/mock-catalog/images/meridian-travel/sunglasses-3.png,,in_stock,126.90 USD,,Meridian Carry,,MT-SUNG-0088,new,Apparel & Accessories > Clothing Accessories > Sunglasses,Accessories > Eyewear > Sunglasses,MT-SUNG-GRP-007,,,Recycled Frame,35
MT-SUNG-0089,Nova Polarized Sunglasses,"The Nova Polarized Sunglasses from Meridian Travel Co., crafted in acetate, with UV400 protection and a timeless silhouette.",https://meridian-travel.example.com/products/mt-sung-0089,/mock-catalog/images/meridian-travel/sunglasses-4.png,,in_stock,91.03 USD,,Meridian,,MT-SUNG-0089,new,Apparel & Accessories > Clothing Accessories > Sunglasses,Accessories > Eyewear > Sunglasses,MT-SUNG-GRP-007,,,Acetate,108
MT-SUNG-0090,Trail Folding Sunglasses,"The Trail Folding Sunglasses from Meridian Travel Co., crafted in acetate, with UV400 protection and a timeless silhouette.",https://meridian-travel.example.com/products/mt-sung-0090,/mock-catalog/images/meridian-travel/sunglasses-5.png,,in_stock,116.92 USD,,Meridian,,MT-SUNG-0090,new,Apparel & Accessories > Clothing Accessories > Sunglasses,Accessories > Eyewear > Sunglasses,MT-SUNG-GRP-008,,,Acetate,157
MT-EARB-0091,Studio Noise-Cancelling Earbuds,"The Studio Noise-Cancelling Earbuds from Meridian Travel Co., crafted in matte polymer, with rich sound, deep bass, and all-day battery.",https://meridian-travel.example.com/products/mt-earb-0091,/mock-catalog/images/meridian-travel/earbuds-1.png,,in_stock,122.67 USD,,Meridian Journey,,MT-EARB-0091,new,Electronics > Audio > Audio Components > Headphones,Audio > Earbuds,MT-EARB-GRP-001,,,Matte Polymer,191
MT-EARB-0092,Classic Sleep Earbuds,"The Classic Sleep Earbuds from Meridian Travel Co., crafted in matte polymer, with rich sound, deep bass, and all-day battery.",https://meridian-travel.example.com/products/mt-earb-0092,/mock-catalog/images/meridian-travel/earbuds-2.png,,in_stock,93.35 USD,,Meridian Journey,,MT-EARB-0092,new,Electronics > Audio > Audio Components > Headphones,Audio > Earbuds,MT-EARB-GRP-001,,,Matte Polymer,19
MT-EARB-0093,Classic Noise-Cancelling Earbuds,"The Classic Noise-Cancelling Earbuds from Meridian Travel Co., crafted in matte polymer, with rich sound, deep bass, and all-day battery.",https://meridian-travel.example.com/products/mt-earb-0093,/mock-catalog/images/meridian-travel/earbuds-3.png,,in_stock,112.17 USD,,Meridian Carry,,MT-EARB-0093,new,Electronics > Audio > Audio Components > Headphones,Audio > Earbuds,MT-EARB-GRP-002,,,Matte Polymer,21
MT-EARB-0094,Rugged Noise-Cancelling Earbuds,"The Rugged Noise-Cancelling Earbuds from Meridian Travel Co., crafted in matte polymer, with rich sound, deep bass, and all-day battery.",https://meridian-travel.example.com/products/mt-earb-0094,/mock-catalog/images/meridian-travel/earbuds-4.png,,in_stock,98.19 USD,,Meridian,,MT-EARB-0094,new,Electronics > Audio > Audio Components > Headphones,Audio > Earbuds,MT-EARB-GRP-002,,,Matte Polymer,156
MT-EARB-0095,Modern Wireless Earbuds,"The Modern Wireless Earbuds from Meridian Travel Co., crafted in matte polymer, with rich sound, deep bass, and all-day battery.",https://meridian-travel.example.com/products/mt-earb-0095,/mock-catalog/images/meridian-travel/earbuds-5.png,,in_stock,127.30 USD,113.48 USD,Meridian,,MT-EARB-0095,new,Electronics > Audio > Audio Components > Headphones,Audio > Earbuds,MT-EARB-GRP-003,,,Matte Polymer,236
MT-EARB-0096,Coastal Noise-Cancelling Earbuds,"The Coastal Noise-Cancelling Earbuds from Meridian Travel Co., crafted in matte polymer, with rich sound, deep bass, and all-day battery.",https://meridian-travel.example.com/products/mt-earb-0096,/mock-catalog/images/meridian-travel/earbuds-1.png,,in_stock,150.70 USD,116.39 USD,Meridian,,MT-EARB-0096,new,Electronics > Audio > Audio Components > Headphones,Audio > Earbuds,MT-EARB-GRP-003,,,Matte Polymer,69
MT-EARB-0097,Aero Sleep Earbuds,"The Aero Sleep Earbuds from Meridian Travel Co., crafted in matte polymer, with rich sound, deep bass, and all-day battery.",https://meridian-travel.example.com/products/mt-earb-0097,/mock-catalog/images/meridian-travel/earbuds-2.png,,in_stock,54.19 USD,,Meridian,,MT-EARB-0097,new,Electronics > Audio > Audio Components > Headphones,Audio > Earbuds,MT-EARB-GRP-004,,,Matte Polymer,136
MT-EARB-0098,Everyday Sleep Earbuds,"The Everyday Sleep Earbuds from Meridian Travel Co., crafted in matte polymer, with rich sound, deep bass, and all-day battery.",https://meridian-travel.example.com/products/mt-earb-0098,/mock-catalog/images/meridian-travel/earbuds-3.png,,in_stock,88.97 USD,,Meridian,,MT-EARB-0098,new,Electronics > Audio > Audio Components > Headphones,Audio > Earbuds,MT-EARB-GRP-004,,,Matte Polymer,41
MT-EARB-0099,Aero Noise-Cancelling Earbuds,"The Aero Noise-Cancelling Earbuds from Meridian Travel Co., crafted in matte polymer, with rich sound, deep bass, and all-day battery.",https://meridian-travel.example.com/products/mt-earb-0099,/mock-catalog/images/meridian-travel/earbuds-4.png,,in_stock,65.70 USD,50.60 USD,Meridian,,MT-EARB-0099,new,Electronics > Audio > Audio Components > Headphones,Audio > Earbuds,MT-EARB-GRP-005,,,Matte Polymer,153
MT-EARB-0100,Pro Wireless Earbuds,"The Pro Wireless Earbuds from Meridian Travel Co., crafted in matte polymer, with rich sound, deep bass, and all-day battery.",https://meridian-travel.example.com/products/mt-earb-0100,/mock-catalog/images/meridian-travel/earbuds-5.png,,in_stock,146.69 USD,,Meridian Journey,,MT-EARB-0100,new,Electronics > Audio > Audio Components > Headphones,Audio > Earbuds,MT-EARB-GRP-005,,,Matte Polymer,195
MT-EARB-0101,Rugged Wireless Earbuds,"The Rugged Wireless Earbuds from Meridian Travel Co., crafted in matte polymer, with rich sound, deep bass, and all-day battery.",https://meridian-travel.example.com/products/mt-earb-0101,/mock-catalog/images/meridian-travel/earbuds-1.png,,in_stock,77.60 USD,,Meridian Carry,,MT-EARB-0101,new,Electronics > Audio > Audio Components > Headphones,Audio > Earbuds,MT-EARB-GRP-006,,,Matte Polymer,226
MT-EARB-0102,Pro Sleep Earbuds,"The Pro Sleep Earbuds from Meridian Travel Co., crafted in matte polymer, with rich sound, deep bass, and all-day battery.",https://meridian-travel.example.com/products/mt-earb-0102,/mock-catalog/images/meridian-travel/earbuds-2.png,,in_stock,138.80 USD,,Meridian Carry,,MT-EARB-0102,new,Electronics > Audio > Audio Components > Headphones,Audio > Earbuds,MT-EARB-GRP-006,,,Matte Polymer,27
MT-EARB-0103,Terra Noise-Cancelling Earbuds,"The Terra Noise-Cancelling Earbuds from Meridian Travel Co., crafted in matte polymer, with rich sound, deep bass, and all-day battery.",https://meridian-travel.example.com/products/mt-earb-0103,/mock-catalog/images/meridian-travel/earbuds-3.png,,in_stock,87.98 USD,,Meridian,,MT-EARB-0103,new,Electronics > Audio > Audio Components > Headphones,Audio > Earbuds,MT-EARB-GRP-007,,,Matte Polymer,13
MT-EARB-0104,Terra Sleep Earbuds,"The Terra Sleep Earbuds from Meridian Travel Co., crafted in matte polymer, with rich sound, deep bass, and all-day battery.",https://meridian-travel.example.com/products/mt-earb-0104,/mock-catalog/images/meridian-travel/earbuds-4.png,,in_stock,110.13 USD,,Meridian Journey,,MT-EARB-0104,new,Electronics > Audio > Audio Components > Headphones,Audio > Earbuds,MT-EARB-GRP-007,,,Matte Polymer,108
MT-EARB-0105,Modern Noise-Cancelling Earbuds,"The Modern Noise-Cancelling Earbuds from Meridian Travel Co., crafted in matte polymer, with rich sound, deep bass, and all-day battery.",https://meridian-travel.example.com/products/mt-earb-0105,/mock-catalog/images/meridian-travel/earbuds-5.png,,in_stock,157.20 USD,,Meridian Carry,,MT-EARB-0105,new,Electronics > Audio > Audio Components > Headphones,Audio > Earbuds,MT-EARB-GRP-008,,,Matte Polymer,182
MT-POWE-0106,Premium 10K Power Bank,"The Premium 10K Power Bank from Meridian Travel Co., crafted in aluminum, fast-charge your devices anywhere, all day.",https://meridian-travel.example.com/products/mt-powe-0106,/mock-catalog/images/meridian-travel/powerbanks-1.png,,in_stock,63.11 USD,,Meridian Carry,,MT-POWE-0106,new,Electronics > Electronics Accessories > Power > Batteries,Power > Power Banks,MT-POWE-GRP-001,,,Aluminum,127
MT-POWE-0107,Featherlight 20K Power Bank,"The Featherlight 20K Power Bank from Meridian Travel Co., crafted in aluminum, fast-charge your devices anywhere, all day.",https://meridian-travel.example.com/products/mt-powe-0107,/mock-catalog/images/meridian-travel/powerbanks-2.png,,in_stock,92.80 USD,70.90 USD,Meridian Carry,,MT-POWE-0107,new,Electronics > Electronics Accessories > Power > Batteries,Power > Power Banks,MT-POWE-GRP-001,,,Aluminum,172
MT-POWE-0108,Featherlight 10K Power Bank,"The Featherlight 10K Power Bank from Meridian Travel Co., crafted in aluminum, fast-charge your devices anywhere, all day.",https://meridian-travel.example.com/products/mt-powe-0108,/mock-catalog/images/meridian-travel/powerbanks-3.png,,in_stock,34.22 USD,,Meridian Journey,,MT-POWE-0108,new,Electronics > Electronics Accessories > Power > Batteries,Power > Power Banks,MT-POWE-GRP-002,,,Aluminum,9
MT-POWE-0109,Modern Universal Travel Adapter,"The Modern Universal Travel Adapter from Meridian Travel Co., crafted in aluminum, fast-charge your devices anywhere, all day.",https://meridian-travel.example.com/products/mt-powe-0109,/mock-catalog/images/meridian-travel/powerbanks-4.png,,in_stock,70.81 USD,,Meridian Journey,,MT-POWE-0109,new,Electronics > Electronics Accessories > Power > Batteries,Power > Power Banks,MT-POWE-GRP-002,,,Aluminum,173
MT-POWE-0110,Terra 10K Power Bank,"The Terra 10K Power Bank from Meridian Travel Co., crafted in aluminum, fast-charge your devices anywhere, all day.",https://meridian-travel.example.com/products/mt-powe-0110,/mock-catalog/images/meridian-travel/powerbanks-5.png,,in_stock,59.81 USD,49.84 USD,Meridian Carry,,MT-POWE-0110,new,Electronics > Electronics Accessories > Power > Batteries,Power > Power Banks,MT-POWE-GRP-003,,,Aluminum,69
MT-POWE-0111,Signature MagSafe Power Bank,"The Signature MagSafe Power Bank from Meridian Travel Co., crafted in aluminum, fast-charge your devices anywhere, all day.",https://meridian-travel.example.com/products/mt-powe-0111,/mock-catalog/images/meridian-travel/powerbanks-1.png,,in_stock,87.91 USD,,Meridian Journey,,MT-POWE-0111,new,Electronics > Electronics Accessories > Power > Batteries,Power > Power Banks,MT-POWE-GRP-003,,,Aluminum,208
MT-POWE-0112,Modern MagSafe Power Bank,"The Modern MagSafe Power Bank from Meridian Travel Co., crafted in aluminum, fast-charge your devices anywhere, all day.",https://meridian-travel.example.com/products/mt-powe-0112,/mock-catalog/images/meridian-travel/powerbanks-2.png,,in_stock,86.73 USD,,Meridian Carry,,MT-POWE-0112,new,Electronics > Electronics Accessories > Power > Batteries,Power > Power Banks,MT-POWE-GRP-004,,,Aluminum,198
MT-POWE-0113,Luxe 20K Power Bank,"The Luxe 20K Power Bank from Meridian Travel Co., crafted in aluminum, fast-charge your devices anywhere, all day.",https://meridian-travel.example.com/products/mt-powe-0113,/mock-catalog/images/meridian-travel/powerbanks-3.png,,in_stock,82.84 USD,63.12 USD,Meridian Journey,,MT-POWE-0113,new,Electronics > Electronics Accessories > Power > Batteries,Power > Power Banks,MT-POWE-GRP-004,,,Aluminum,43
MT-POWE-0114,Alpine 10K Power Bank,"The Alpine 10K Power Bank from Meridian Travel Co., crafted in aluminum, fast-charge your devices anywhere, all day.",https://meridian-travel.example.com/products/mt-powe-0114,/mock-catalog/images/meridian-travel/powerbanks-4.png,,in_stock,76.30 USD,,Meridian Journey,,MT-POWE-0114,new,Electronics > Electronics Accessories > Power > Batteries,Power > Power Banks,MT-POWE-GRP-005,,,Aluminum,140
MT-POWE-0115,Urban 20K Power Bank,"The Urban 20K Power Bank from Meridian Travel Co., crafted in aluminum, fast-charge your devices anywhere, all day.",https://meridian-travel.example.com/products/mt-powe-0115,/mock-catalog/images/meridian-travel/powerbanks-5.png,,in_stock,79.01 USD,,Meridian Carry,,MT-POWE-0115,new,Electronics > Electronics Accessories > Power > Batteries,Power > Power Banks,MT-POWE-GRP-005,,,Aluminum,206
MT-POWE-0116,Coastal 20K Power Bank,"The Coastal 20K Power Bank from Meridian Travel Co., crafted in aluminum, fast-charge your devices anywhere, all day.",https://meridian-travel.example.com/products/mt-powe-0116,/mock-catalog/images/meridian-travel/powerbanks-1.png,,in_stock,54.55 USD,,Meridian Journey,,MT-POWE-0116,new,Electronics > Electronics Accessories > Power > Batteries,Power > Power Banks,MT-POWE-GRP-006,,,Aluminum,114
MT-POWE-0117,Essential 20K Power Bank,"The Essential 20K Power Bank from Meridian Travel Co., crafted in aluminum, fast-charge your devices anywhere, all day.",https://meridian-travel.example.com/products/mt-powe-0117,/mock-catalog/images/meridian-travel/powerbanks-2.png,,in_stock,54.37 USD,,Meridian Carry,,MT-POWE-0117,new,Electronics > Electronics Accessories > Power > Batteries,Power > Power Banks,MT-POWE-GRP-006,,,Aluminum,105
MT-POWE-0118,Essential 10K Power Bank,"The Essential 10K Power Bank from Meridian Travel Co., crafted in aluminum, fast-charge your devices anywhere, all day.",https://meridian-travel.example.com/products/mt-powe-0118,/mock-catalog/images/meridian-travel/powerbanks-3.png,,in_stock,77.40 USD,,Meridian Journey,,MT-POWE-0118,new,Electronics > Electronics Accessories > Power > Batteries,Power > Power Banks,MT-POWE-GRP-007,,,Aluminum,180
MT-POWE-0119,Classic Universal Travel Adapter,"The Classic Universal Travel Adapter from Meridian Travel Co., crafted in aluminum, fast-charge your devices anywhere, all day.",https://meridian-travel.example.com/products/mt-powe-0119,/mock-catalog/images/meridian-travel/powerbanks-4.png,,in_stock,72.01 USD,,Meridian Carry,,MT-POWE-0119,new,Electronics > Electronics Accessories > Power > Batteries,Power > Power Banks,MT-POWE-GRP-007,,,Aluminum,186
MT-POWE-0120,Pro MagSafe Power Bank,"The Pro MagSafe Power Bank from Meridian Travel Co., crafted in aluminum, fast-charge your devices anywhere, all day.",https://meridian-travel.example.com/products/mt-powe-0120,/mock-catalog/images/meridian-travel/powerbanks-5.png,,in_stock,91.82 USD,,Meridian Carry,,MT-POWE-0120,new,Electronics > Electronics Accessories > Power > Batteries,Power > Power Banks,MT-POWE-GRP-008,,,Aluminum,127
MT-WALL-0121,Heritage Leather Passport Cover,"The Heritage Leather Passport Cover from Meridian Travel Co., crafted in vegan leather, slim, refined, and made to last.",https://meridian-travel.example.com/products/mt-wall-0121,/mock-catalog/images/meridian-travel/wallets-1.png,,in_stock,79.85 USD,,Meridian Journey,,MT-WALL-0121,new,Apparel & Accessories > Clothing Accessories,Accessories > Small Leather Goods,MT-WALL-GRP-001,,,Vegan Leather,42
MT-WALL-0122,Featherlight Leather Passport Cover,"The Featherlight Leather Passport Cover from Meridian Travel Co., crafted in vegan leather, slim, refined, and made to last.",https://meridian-travel.example.com/products/mt-wall-0122,/mock-catalog/images/meridian-travel/wallets-2.png,,in_stock,43.46 USD,,Meridian,,MT-WALL-0122,new,Apparel & Accessories > Clothing Accessories,Accessories > Small Leather Goods,MT-WALL-GRP-001,,,Vegan Leather,215
MT-WALL-0123,Everyday Travel Organizer,"The Everyday Travel Organizer from Meridian Travel Co., crafted in vegan leather, slim, refined, and made to last.",https://meridian-travel.example.com/products/mt-wall-0123,/mock-catalog/images/meridian-travel/wallets-3.png,,in_stock,59.21 USD,45.10 USD,Meridian Carry,,MT-WALL-0123,new,Apparel & Accessories > Clothing Accessories,Accessories > Small Leather Goods,MT-WALL-GRP-002,,,Vegan Leather,8
MT-WALL-0124,Minimalist RFID Card Holder,"The Minimalist RFID Card Holder from Meridian Travel Co., crafted in full-grain leather, slim, refined, and made to last.",https://meridian-travel.example.com/products/mt-wall-0124,/mock-catalog/images/meridian-travel/wallets-4.png,,in_stock,40.54 USD,,Meridian Journey,,MT-WALL-0124,new,Apparel & Accessories > Clothing Accessories,Accessories > Small Leather Goods,MT-WALL-GRP-002,,,Full-Grain Leather,216
MT-WALL-0125,Urban RFID Card Holder,"The Urban RFID Card Holder from Meridian Travel Co., crafted in full-grain leather, slim, refined, and made to last.",https://meridian-travel.example.com/products/mt-wall-0125,/mock-catalog/images/meridian-travel/wallets-5.png,,in_stock,25.41 USD,22.57 USD,Meridian Carry,,MT-WALL-0125,new,Apparel & Accessories > Clothing Accessories,Accessories > Small Leather Goods,MT-WALL-GRP-003,,,Full-Grain Leather,214
MT-WALL-0126,Signature RFID Card Holder,"The Signature RFID Card Holder from Meridian Travel Co., crafted in vegan leather, slim, refined, and made to last.",https://meridian-travel.example.com/products/mt-wall-0126,/mock-catalog/images/meridian-travel/wallets-1.png,,in_stock,67.66 USD,,Meridian Journey,,MT-WALL-0126,new,Apparel & Accessories > Clothing Accessories,Accessories > Small Leather Goods,MT-WALL-GRP-003,,,Vegan Leather,175
MT-WALL-0127,Alpine Leather Passport Cover,"The Alpine Leather Passport Cover from Meridian Travel Co., crafted in full-grain leather, slim, refined, and made to last.",https://meridian-travel.example.com/products/mt-wall-0127,/mock-catalog/images/meridian-travel/wallets-2.png,,in_stock,62.86 USD,,Meridian Carry,,MT-WALL-0127,new,Apparel & Accessories > Clothing Accessories,Accessories > Small Leather Goods,MT-WALL-GRP-004,,,Full-Grain Leather,188
MT-WALL-0128,Featherlight Passport Wallet,"The Featherlight Passport Wallet from Meridian Travel Co., crafted in vegan leather, slim, refined, and made to last.",https://meridian-travel.example.com/products/mt-wall-0128,/mock-catalog/images/meridian-travel/wallets-3.png,,in_stock,45.42 USD,,Meridian,,MT-WALL-0128,new,Apparel & Accessories > Clothing Accessories,Accessories > Small Leather Goods,MT-WALL-GRP-004,,,Vegan Leather,143
MT-WALL-0129,Luxe Passport Wallet,"The Luxe Passport Wallet from Meridian Travel Co., crafted in vegan leather, slim, refined, and made to last.",https://meridian-travel.example.com/products/mt-wall-0129,/mock-catalog/images/meridian-travel/wallets-4.png,,in_stock,51.01 USD,39.58 USD,Meridian,,MT-WALL-0129,new,Apparel & Accessories > Clothing Accessories,Accessories > Small Leather Goods,MT-WALL-GRP-005,,,Vegan Leather,105
MT-WALL-0130,Alpine Passport Wallet,"The Alpine Passport Wallet from Meridian Travel Co., crafted in vegan leather, slim, refined, and made to last.",https://meridian-travel.example.com/products/mt-wall-0130,/mock-catalog/images/meridian-travel/wallets-5.png,,in_stock,65.13 USD,,Meridian,,MT-WALL-0130,new,Apparel & Accessories > Clothing Accessories,Accessories > Small Leather Goods,MT-WALL-GRP-005,,,Vegan Leather,52
MT-WALL-0131,Featherlight Travel Organizer,"The Featherlight Travel Organizer from Meridian Travel Co., crafted in vegan leather, slim, refined, and made to last.",https://meridian-travel.example.com/products/mt-wall-0131,/mock-catalog/images/meridian-travel/wallets-1.png,,in_stock,45.31 USD,,Meridian Carry,,MT-WALL-0131,new,Apparel & Accessories > Clothing Accessories,Accessories > Small Leather Goods,MT-WALL-GRP-006,,,Vegan Leather,184
MT-WALL-0132,Aero Leather Passport Cover,"The Aero Leather Passport Cover from Meridian Travel Co., crafted in vegan leather, slim, refined, and made to last.",https://meridian-travel.example.com/products/mt-wall-0132,/mock-catalog/images/meridian-travel/wallets-2.png,,in_stock,28.93 USD,24.48 USD,Meridian Journey,,MT-WALL-0132,new,Apparel & Accessories > Clothing Accessories,Accessories > Small Leather Goods,MT-WALL-GRP-006,,,Vegan Leather,85
MT-WALL-0133,Premium RFID Card Holder,"The Premium RFID Card Holder from Meridian Travel Co., crafted in vegan leather, slim, refined, and made to last.",https://meridian-travel.example.com/products/mt-wall-0133,/mock-catalog/images/meridian-travel/wallets-3.png,,in_stock,48.39 USD,,Meridian Journey,,MT-WALL-0133,new,Apparel & Accessories > Clothing Accessories,Accessories > Small Leather Goods,MT-WALL-GRP-007,,,Vegan Leather,244
MT-WALL-0134,Studio RFID Card Holder,"The Studio RFID Card Holder from Meridian Travel Co., crafted in vegan leather, slim, refined, and made to last.",https://meridian-travel.example.com/products/mt-wall-0134,/mock-catalog/images/meridian-travel/wallets-4.png,,in_stock,41.42 USD,,Meridian Carry,,MT-WALL-0134,new,Apparel & Accessories > Clothing Accessories,Accessories > Small Leather Goods,MT-WALL-GRP-007,,,Vegan Leather,136
MT-WALL-0135,Luxe RFID Card Holder,"The Luxe RFID Card Holder from Meridian Travel Co., crafted in full-grain leather, slim, refined, and made to last.",https://meridian-travel.example.com/products/mt-wall-0135,/mock-catalog/images/meridian-travel/wallets-5.png,,in_stock,24.42 USD,,Meridian,,MT-WALL-0135,new,Apparel & Accessories > Clothing Accessories,Accessories > Small Leather Goods,MT-WALL-GRP-008,,,Full-Grain Leather,223
MT-BEAU-0136,Signature Toiletry Bag Set,"The Signature Toiletry Bag Set from Meridian Travel Co., thoughtfully made, a ready-to-gift set of favorites, beautifully boxed.",https://meridian-travel.example.com/products/mt-beau-0136,/mock-catalog/images/meridian-travel/beautykits-1.png,,in_stock,33.06 USD,,Meridian,,MT-BEAU-0136,new,Health & Beauty > Personal Care > Cosmetics > Cosmetic Sets,Beauty > Gift Sets,MT-BEAU-GRP-001,,,,107
MT-BEAU-0137,Featherlight Toiletry Bag Set,"The Featherlight Toiletry Bag Set from Meridian Travel Co., thoughtfully made, a ready-to-gift set of favorites, beautifully boxed.",https://meridian-travel.example.com/products/mt-beau-0137,/mock-catalog/images/meridian-travel/beautykits-2.png,,in_stock,81.78 USD,,Meridian Carry,,MT-BEAU-0137,new,Health & Beauty > Personal Care > Cosmetics > Cosmetic Sets,Beauty > Gift Sets,MT-BEAU-GRP-001,,,,114
MT-BEAU-0138,Everyday Travel Beauty Kit,"The Everyday Travel Beauty Kit from Meridian Travel Co., thoughtfully made, a ready-to-gift set of favorites, beautifully boxed.",https://meridian-travel.example.com/products/mt-beau-0138,/mock-catalog/images/meridian-travel/beautykits-3.png,,in_stock,101.19 USD,,Meridian,,MT-BEAU-0138,new,Health & Beauty > Personal Care > Cosmetics > Cosmetic Sets,Beauty > Gift Sets,MT-BEAU-GRP-002,,,,39
MT-BEAU-0139,Studio Mini Skincare Set,"The Studio Mini Skincare Set from Meridian Travel Co., thoughtfully made, a ready-to-gift set of favorites, beautifully boxed.",https://meridian-travel.example.com/products/mt-beau-0139,/mock-catalog/images/meridian-travel/beautykits-4.png,,in_stock,87.29 USD,,Meridian Journey,,MT-BEAU-0139,new,Health & Beauty > Personal Care > Cosmetics > Cosmetic Sets,Beauty > Gift Sets,MT-BEAU-GRP-002,,,,37
MT-BEAU-0140,Urban Toiletry Bag Set,"The Urban Toiletry Bag Set from Meridian Travel Co., thoughtfully made, a ready-to-gift set of favorites, beautifully boxed.",https://meridian-travel.example.com/products/mt-beau-0140,/mock-catalog/images/meridian-travel/beautykits-5.png,,in_stock,102.78 USD,,Meridian Carry,,MT-BEAU-0140,new,Health & Beauty > Personal Care > Cosmetics > Cosmetic Sets,Beauty > Gift Sets,MT-BEAU-GRP-003,,,,241
MT-BEAU-0141,Nova Toiletry Bag Set,"The Nova Toiletry Bag Set from Meridian Travel Co., thoughtfully made, a ready-to-gift set of favorites, beautifully boxed.",https://meridian-travel.example.com/products/mt-beau-0141,/mock-catalog/images/meridian-travel/beautykits-1.png,,in_stock,49.61 USD,45.27 USD,Meridian,,MT-BEAU-0141,new,Health & Beauty > Personal Care > Cosmetics > Cosmetic Sets,Beauty > Gift Sets,MT-BEAU-GRP-003,,,,180
MT-BEAU-0142,Premium Travel Grooming Kit,"The Premium Travel Grooming Kit from Meridian Travel Co., thoughtfully made, a ready-to-gift set of favorites, beautifully boxed.",https://meridian-travel.example.com/products/mt-beau-0142,/mock-catalog/images/meridian-travel/beautykits-2.png,,in_stock,58.98 USD,,Meridian Carry,,MT-BEAU-0142,new,Health & Beauty > Personal Care > Cosmetics > Cosmetic Sets,Beauty > Gift Sets,MT-BEAU-GRP-004,,,,37
MT-BEAU-0143,Luxe Travel Beauty Kit,"The Luxe Travel Beauty Kit from Meridian Travel Co., thoughtfully made, a ready-to-gift set of favorites, beautifully boxed.",https://meridian-travel.example.com/products/mt-beau-0143,/mock-catalog/images/meridian-travel/beautykits-3.png,,in_stock,30.40 USD,,Meridian Journey,,MT-BEAU-0143,new,Health & Beauty > Personal Care > Cosmetics > Cosmetic Sets,Beauty > Gift Sets,MT-BEAU-GRP-004,,,,219
MT-BEAU-0144,Aero Travel Beauty Kit,"The Aero Travel Beauty Kit from Meridian Travel Co., thoughtfully made, a ready-to-gift set of favorites, beautifully boxed.",https://meridian-travel.example.com/products/mt-beau-0144,/mock-catalog/images/meridian-travel/beautykits-4.png,,in_stock,67.17 USD,,Meridian Carry,,MT-BEAU-0144,new,Health & Beauty > Personal Care > Cosmetics > Cosmetic Sets,Beauty > Gift Sets,MT-BEAU-GRP-005,,,,74
MT-BEAU-0145,Trail Travel Beauty Kit,"The Trail Travel Beauty Kit from Meridian Travel Co., thoughtfully made, a ready-to-gift set of favorites, beautifully boxed.",https://meridian-travel.example.com/products/mt-beau-0145,/mock-catalog/images/meridian-travel/beautykits-5.png,,in_stock,35.85 USD,28.21 USD,Meridian Journey,,MT-BEAU-0145,new,Health & Beauty > Personal Care > Cosmetics > Cosmetic Sets,Beauty > Gift Sets,MT-BEAU-GRP-005,,,,96
MT-BEAU-0146,Pro Toiletry Bag Set,"The Pro Toiletry Bag Set from Meridian Travel Co., thoughtfully made, a ready-to-gift set of favorites, beautifully boxed.",https://meridian-travel.example.com/products/mt-beau-0146,/mock-catalog/images/meridian-travel/beautykits-1.png,,in_stock,37.08 USD,,Meridian Journey,,MT-BEAU-0146,new,Health & Beauty > Personal Care > Cosmetics > Cosmetic Sets,Beauty > Gift Sets,MT-BEAU-GRP-006,,,,57
MT-BEAU-0147,Heritage Travel Grooming Kit,"The Heritage Travel Grooming Kit from Meridian Travel Co., thoughtfully made, a ready-to-gift set of favorites, beautifully boxed.",https://meridian-travel.example.com/products/mt-beau-0147,/mock-catalog/images/meridian-travel/beautykits-2.png,,in_stock,61.82 USD,51.08 USD,Meridian Carry,,MT-BEAU-0147,new,Health & Beauty > Personal Care > Cosmetics > Cosmetic Sets,Beauty > Gift Sets,MT-BEAU-GRP-006,,,,120
MT-BEAU-0148,Signature Travel Beauty Kit,"The Signature Travel Beauty Kit from Meridian Travel Co., thoughtfully made, a ready-to-gift set of favorites, beautifully boxed.",https://meridian-travel.example.com/products/mt-beau-0148,/mock-catalog/images/meridian-travel/beautykits-3.png,,in_stock,30.02 USD,,Meridian Journey,,MT-BEAU-0148,new,Health & Beauty > Personal Care > Cosmetics > Cosmetic Sets,Beauty > Gift Sets,MT-BEAU-GRP-007,,,,80
MT-BEAU-0149,Terra Travel Beauty Kit,"The Terra Travel Beauty Kit from Meridian Travel Co., thoughtfully made, a ready-to-gift set of favorites, beautifully boxed.",https://meridian-travel.example.com/products/mt-beau-0149,/mock-catalog/images/meridian-travel/beautykits-4.png,,in_stock,78.88 USD,,Meridian Journey,,MT-BEAU-0149,new,Health & Beauty > Personal Care > Cosmetics > Cosmetic Sets,Beauty > Gift Sets,MT-BEAU-GRP-007,,,,41
MT-BEAU-0150,Urban Travel Beauty Kit,"The Urban Travel Beauty Kit from Meridian Travel Co., thoughtfully made, a ready-to-gift set of favorites, beautifully boxed.",https://meridian-travel.example.com/products/mt-beau-0150,/mock-catalog/images/meridian-travel/beautykits-5.png,,in_stock,41.97 USD,36.47 USD,Meridian,,MT-BEAU-0150,new,Health & Beauty > Personal Care > Cosmetics > Cosmetic Sets,Beauty > Gift Sets,MT-BEAU-GRP-008,,,,212
